label_studio_id,join_key,master_image_path,current_label,correct_label,action
56179,tile_x001_y001_cell_0001_slide3_7,/data/local-files/?d=Users%5CKyle%5CMMA_batch1%5Ccontrast_1.0%5CSlide%203-7%5Ctile_x001_y001_cell_0001.png,Monocyte with RBC,Clustered,Change label to: Clustered cell
56559,tile_x001_y001_cell_0018_slide2_8,/data/local-files/?d=Users%5CKyle%5CMMA_batch1%5Ccontrast_1.0%5CSlide%202-8%5Ctile_x001_y001_cell_0018.png,Monocyte with RBC,Clustered,Change label to: Clustered cell
56602,tile_x001_y001_cell_0021_slide1_2,/data/local-files/?d=Users%5CKyle%5CMMA_batch1%5Ccontrast_1.0%5CSlide%201-2%5Ctile_x001_y001_cell_0021.png,Monocyte with RBC,Clustered,Change label to: Clustered cell
56649,tile_x001_y001_cell_0023_slide2_5,/data/local-files/?d=Users%5CKyle%5CMMA_batch1%5Ccontrast_1.0%5CSlide%202-5%5Ctile_x001_y001_cell_0023.png,Monocyte with RBC,Clustered,Change label to: Clustered cell
56697,tile_x001_y001_cell_0026_slide1_7,/data/local-files/?d=Users%5CKyle%5CMMA_batch1%5Ccontrast_1.0%5CSlide%201-7%5Ctile_x001_y001_cell_0026.png,Monocyte with RBC,Clustered,Change label to: Clustered cell
56896,tile_x001_y001_cell_0039_slide1_6,/data/local-files/?d=Users%5CKyle%5CMMA_batch1%5Ccontrast_1.0%5CSlide%201-6%5Ctile_x001_y001_cell_0039.png,Monocyte with RBC,Clustered,Change label to: Clustered cell
56946,tile_x001_y001_cell_0043_slide1_2,/data/local-files/?d=Users%5CKyle%5CMMA_batch1%5Ccontrast_1.0%5CSlide%201-2%5Ctile_x001_y001_cell_0043.png,Monocyte with RBC,Clustered,Change label to: Clustered cell
57011,tile_x001_y001_cell_0048_slide1_2,/data/local-files/?d=Users%5CKyle%5CMMA_batch1%5Ccontrast_1.0%5CSlide%201-2%5Ctile_x001_y001_cell_0048.png,Monocyte with RBC,Clustered,Change label to: Clustered cell
57024,tile_x001_y001_cell_0049_slide1_2,/data/local-files/?d=Users%5CKyle%5CMMA_batch1%5Ccontrast_1.0%5CSlide%201-2%5Ctile_x001_y001_cell_0049.png,Monocyte with RBC,Clustered,Change label to: Clustered cell
57076,tile_x001_y001_cell_0053_slide1_2,/data/local-files/?d=Users%5CKyle%5CMMA_batch1%5Ccontrast_1.0%5CSlide%201-2%5Ctile_x001_y001_cell_0053.png,Monocyte with RBC,Clustered,Change label to: Clustered cell
57159,tile_x001_y001_cell_0059_slide1_7,/data/local-files/?d=Users%5CKyle%5CMMA_batch1%5Ccontrast_1.0%5CSlide%201-7%5Ctile_x001_y001_cell_0059.png,Monocyte with RBC,Clustered,Change label to: Clustered cell
57235,tile_x001_y001_cell_0065_slide1_7,/data/local-files/?d=Users%5CKyle%5CMMA_batch1%5Ccontrast_1.0%5CSlide%201-7%5Ctile_x001_y001_cell_0065.png,Monocyte with RBC,Clustered,Change label to: Clustered cell
57246,tile_x001_y001_cell_0066_slide1_7,/data/local-files/?d=Users%5CKyle%5CMMA_batch1%5Ccontrast_1.0%5CSlide%201-7%5Ctile_x001_y001_cell_0066.png,Monocyte with RBC,Clustered,Change label to: Clustered cell
57307,tile_x001_y001_cell_0072_slide1_8,/data/local-files/?d=Users%5CKyle%5CMMA_batch1%5Ccontrast_1.0%5CSlide%201-8%5Ctile_x001_y001_cell_0072.png,Monocyte with RBC,Clustered,Change label to: Clustered cell
57345,tile_x001_y001_cell_0076_slide1_6,/data/local-files/?d=Users%5CKyle%5CMMA_batch1%5Ccontrast_1.0%5CSlide%201-6%5Ctile_x001_y001_cell_0076.png,Monocyte with RBC,Clustered,Change label to: Clustered cell
57415,tile_x001_y001_cell_0083_slide1_6,/data/local-files/?d=Users%5CKyle%5CMMA_batch1%5Ccontrast_1.0%5CSlide%201-6%5Ctile_x001_y001_cell_0083.png,Monocyte with RBC,Clustered,Change label to: Clustered cell
57454,tile_x001_y001_cell_0087_slide1_5,/data/local-files/?d=Users%5CKyle%5CMMA_batch1%5Ccontrast_1.0%5CSlide%201-5%5Ctile_x001_y001_cell_0087.png,Monocyte with RBC,Clustered,Change label to: Clustered cell
57499,tile_x001_y001_cell_0092_slide1_5,/data/local-files/?d=Users%5CKyle%5CMMA_batch1%5Ccontrast_1.0%5CSlide%201-5%5Ctile_x001_y001_cell_0092.png,Monocyte with RBC,Clustered,Change label to: Clustered cell
57626,tile_x001_y001_cell_0110_slide1_6,/data/local-files/?d=Users%5CKyle%5CMMA_batch1%5Ccontrast_1.0%5CSlide%201-6%5Ctile_x001_y001_cell_0110.png,Monocyte with RBC,Clustered,Change label to: Clustered cell
57630,tile_x001_y001_cell_0111_slide1_5,/data/local-files/?d=Users%5CKyle%5CMMA_batch1%5Ccontrast_1.0%5CSlide%201-5%5Ctile_x001_y001_cell_0111.png,Monocyte with RBC,Clustered,Change label to: Clustered cell
57701,tile_x001_y001_cell_0126_slide1_5,/data/local-files/?d=Users%5CKyle%5CMMA_batch1%5Ccontrast_1.0%5CSlide%201-5%5Ctile_x001_y001_cell_0126.png,Monocyte with RBC,Clustered,Change label to: Clustered cell
57717,tile_x001_y001_cell_0130_slide1_5,/data/local-files/?d=Users%5CKyle%5CMMA_batch1%5Ccontrast_1.0%5CSlide%201-5%5Ctile_x001_y001_cell_0130.png,Monocyte with RBC,Clustered,Change label to: Clustered cell
57761,tile_x001_y001_cell_0142_slide1_5,/data/local-files/?d=Users%5CKyle%5CMMA_batch1%5Ccontrast_1.0%5CSlide%201-5%5Ctile_x001_y001_cell_0142.png,Monocyte with RBC,Clustered,Change label to: Clustered cell
57799,tile_x001_y001_cell_0155_slide1_4,/data/local-files/?d=Users%5CKyle%5CMMA_batch1%5Ccontrast_1.0%5CSlide%201-4%5Ctile_x001_y001_cell_0155.png,Monocyte with RBC,Clustered,Change label to: Clustered cell
57849,tile_x001_y001_cell_0171_slide1_6,/data/local-files/?d=Users%5CKyle%5CMMA_batch1%5Ccontrast_1.0%5CSlide%201-6%5Ctile_x001_y001_cell_0171.png,Monocyte with RBC,Clustered,Change label to: Clustered cell
57861,tile_x001_y001_cell_0175_slide1_6,/data/local-files/?d=Users%5CKyle%5CMMA_batch1%5Ccontrast_1.0%5CSlide%201-6%5Ctile_x001_y001_cell_0175.png,Monocyte with RBC,Clustered,Change label to: Clustered cell
57894,tile_x001_y001_cell_0186_slide1_6,/data/local-files/?d=Users%5CKyle%5CMMA_batch1%5Ccontrast_1.0%5CSlide%201-6%5Ctile_x001_y001_cell_0186.png,Monocyte with RBC,Clustered,Change label to: Clustered cell
57903,tile_x001_y001_cell_0189_slide1_6,/data/local-files/?d=Users%5CKyle%5CMMA_batch1%5Ccontrast_1.0%5CSlide%201-6%5Ctile_x001_y001_cell_0189.png,Monocyte with RBC,Clustered,Change label to: Clustered cell
57905,tile_x001_y001_cell_0190_slide1_5,/data/local-files/?d=Users%5CKyle%5CMMA_batch1%5Ccontrast_1.0%5CSlide%201-5%5Ctile_x001_y001_cell_0190.png,Monocyte with RBC,Clustered,Change label to: Clustered cell
57909,tile_x001_y001_cell_0191_slide1_6,/data/local-files/?d=Users%5CKyle%5CMMA_batch1%5Ccontrast_1.0%5CSlide%201-6%5Ctile_x001_y001_cell_0191.png,Monocyte with RBC,Clustered,Change label to: Clustered cell
57912,tile_x001_y001_cell_0192_slide1_6,/data/local-files/?d=Users%5CKyle%5CMMA_batch1%5Ccontrast_1.0%5CSlide%201-6%5Ctile_x001_y001_cell_0192.png,Monocyte with RBC,Clustered,Change label to: Clustered cell
57967,tile_x001_y001_cell_0227_slide1_5,/data/local-files/?d=Users%5CKyle%5CMMA_batch1%5Ccontrast_1.0%5CSlide%201-5%5Ctile_x001_y001_cell_0227.png,Monocyte with RBC,Clustered,Change label to: Clustered cell
57974,tile_x001_y001_cell_0234_slide1_5,/data/local-files/?d=Users%5CKyle%5CMMA_batch1%5Ccontrast_1.0%5CSlide%201-5%5Ctile_x001_y001_cell_0234.png,Monocyte with RBC,Clustered,Change label to: Clustered cell
57977,tile_x001_y001_cell_0237_slide1_5,/data/local-files/?d=Users%5CKyle%5CMMA_batch1%5Ccontrast_1.0%5CSlide%201-5%5Ctile_x001_y001_cell_0237.png,Monocyte with RBC,Clustered,Change label to: Clustered cell
57980,tile_x001_y001_cell_0240_slide1_5,/data/local-files/?d=Users%5CKyle%5CMMA_batch1%5Ccontrast_1.0%5CSlide%201-5%5Ctile_x001_y001_cell_0240.png,Monocyte with RBC,Clustered,Change label to: Clustered cell
57981,tile_x001_y001_cell_0241_slide1_5,/data/local-files/?d=Users%5CKyle%5CMMA_batch1%5Ccontrast_1.0%5CSlide%201-5%5Ctile_x001_y001_cell_0241.png,Monocyte with RBC,Clustered,Change label to: Clustered cell
57982,tile_x001_y001_cell_0242_slide1_5,/data/local-files/?d=Users%5CKyle%5CMMA_batch1%5Ccontrast_1.0%5CSlide%201-5%5Ctile_x001_y001_cell_0242.png,Monocyte with RBC,Clustered,Change label to: Clustered cell
57985,tile_x001_y001_cell_0245_slide1_5,/data/local-files/?d=Users%5CKyle%5CMMA_batch1%5Ccontrast_1.0%5CSlide%201-5%5Ctile_x001_y001_cell_0245.png,Monocyte with RBC,Clustered,Change label to: Clustered cell
57997,tile_x001_y001_cell_0257_slide1_5,/data/local-files/?d=Users%5CKyle%5CMMA_batch1%5Ccontrast_1.0%5CSlide%201-5%5Ctile_x001_y001_cell_0257.png,Monocyte with RBC,Clustered,Change label to: Clustered cell
58002,tile_x001_y001_cell_0262_slide1_5,/data/local-files/?d=Users%5CKyle%5CMMA_batch1%5Ccontrast_1.0%5CSlide%201-5%5Ctile_x001_y001_cell_0262.png,Monocyte with RBC,Clustered,Change label to: Clustered cell
58003,tile_x001_y001_cell_0263_slide1_5,/data/local-files/?d=Users%5CKyle%5CMMA_batch1%5Ccontrast_1.0%5CSlide%201-5%5Ctile_x001_y001_cell_0263.png,Monocyte with RBC,Clustered,Change label to: Clustered cell
58005,tile_x001_y001_cell_0265_slide1_5,/data/local-files/?d=Users%5CKyle%5CMMA_batch1%5Ccontrast_1.0%5CSlide%201-5%5Ctile_x001_y001_cell_0265.png,Monocyte with RBC,Clustered,Change label to: Clustered cell
58007,tile_x001_y001_cell_0267_slide1_5,/data/local-files/?d=Users%5CKyle%5CMMA_batch1%5Ccontrast_1.0%5CSlide%201-5%5Ctile_x001_y001_cell_0267.png,Monocyte with RBC,Clustered,Change label to: Clustered cell
58016,tile_x001_y001_cell_0276_slide1_5,/data/local-files/?d=Users%5CKyle%5CMMA_batch1%5Ccontrast_1.0%5CSlide%201-5%5Ctile_x001_y001_cell_0276.png,Monocyte with RBC,Clustered,Change label to: Clustered cell
58030,tile_x001_y001_cell_0290_slide1_5,/data/local-files/?d=Users%5CKyle%5CMMA_batch1%5Ccontrast_1.0%5CSlide%201-5%5Ctile_x001_y001_cell_0290.png,Monocyte with RBC,Clustered,Change label to: Clustered cell
58042,tile_x001_y001_cell_0302_slide1_5,/data/local-files/?d=Users%5CKyle%5CMMA_batch1%5Ccontrast_1.0%5CSlide%201-5%5Ctile_x001_y001_cell_0302.png,Monocyte with RBC,Clustered,Change label to: Clustered cell
58051,tile_x001_y001_cell_0311_slide1_5,/data/local-files/?d=Users%5CKyle%5CMMA_batch1%5Ccontrast_1.0%5CSlide%201-5%5Ctile_x001_y001_cell_0311.png,Monocyte with RBC,Clustered,Change label to: Clustered cell
58052,tile_x001_y001_cell_0312_slide1_5,/data/local-files/?d=Users%5CKyle%5CMMA_batch1%5Ccontrast_1.0%5CSlide%201-5%5Ctile_x001_y001_cell_0312.png,Monocyte with RBC,Clustered,Change label to: Clustered cell
58054,tile_x001_y001_cell_0314_slide1_5,/data/local-files/?d=Users%5CKyle%5CMMA_batch1%5Ccontrast_1.0%5CSlide%201-5%5Ctile_x001_y001_cell_0314.png,Monocyte with RBC,Clustered,Change label to: Clustered cell
58066,tile_x001_y001_cell_0326_slide1_5,/data/local-files/?d=Users%5CKyle%5CMMA_batch1%5Ccontrast_1.0%5CSlide%201-5%5Ctile_x001_y001_cell_0326.png,Monocyte with RBC,Clustered,Change label to: Clustered cell
58067,tile_x001_y001_cell_0327_slide1_5,/data/local-files/?d=Users%5CKyle%5CMMA_batch1%5Ccontrast_1.0%5CSlide%201-5%5Ctile_x001_y001_cell_0327.png,Monocyte with RBC,Clustered,Change label to: Clustered cell
58070,tile_x001_y001_cell_0330_slide1_5,/data/local-files/?d=Users%5CKyle%5CMMA_batch1%5Ccontrast_1.0%5CSlide%201-5%5Ctile_x001_y001_cell_0330.png,Monocyte with RBC,Clustered,Change label to: Clustered cell
58071,tile_x001_y001_cell_0331_slide1_5,/data/local-files/?d=Users%5CKyle%5CMMA_batch1%5Ccontrast_1.0%5CSlide%201-5%5Ctile_x001_y001_cell_0331.png,Monocyte with RBC,Clustered,Change label to: Clustered cell
58130,tile_x001_y002_cell_0002_slide3_7,/data/local-files/?d=Users%5CKyle%5CMMA_batch1%5Ccontrast_1.0%5CSlide%203-7%5Ctile_x001_y002_cell_0002.png,Monocyte with RBC,Clustered,Change label to: Clustered cell
58165,tile_x001_y002_cell_0004_slide2_2,/data/local-files/?d=Users%5CKyle%5CMMA_batch1%5Ccontrast_1.0%5CSlide%202-2%5Ctile_x001_y002_cell_0004.png,Monocyte with RBC,Clustered,Change label to: Clustered cell
58228,tile_x001_y002_cell_0007_slide1_6,/data/local-files/?d=Users%5CKyle%5CMMA_batch1%5Ccontrast_1.0%5CSlide%201-6%5Ctile_x001_y002_cell_0007.png,Monocyte with RBC,Clustered,Change label to: Clustered cell
58246,tile_x001_y002_cell_0008_slide1_3,/data/local-files/?d=Users%5CKyle%5CMMA_batch1%5Ccontrast_1.0%5CSlide%201-3%5Ctile_x001_y002_cell_0008.png,Monocyte with RBC,Clustered,Change label to: Clustered cell
58287,tile_x001_y002_cell_0010_slide1_5,/data/local-files/?d=Users%5CKyle%5CMMA_batch1%5Ccontrast_1.0%5CSlide%201-5%5Ctile_x001_y002_cell_0010.png,Monocyte with RBC,Clustered,Change label to: Clustered cell
58308,tile_x001_y002_cell_0011_slide1_7,/data/local-files/?d=Users%5CKyle%5CMMA_batch1%5Ccontrast_1.0%5CSlide%201-7%5Ctile_x001_y002_cell_0011.png,Monocyte with RBC,Clustered,Change label to: Clustered cell
58408,tile_x001_y002_cell_0017_slide1_3,/data/local-files/?d=Users%5CKyle%5CMMA_batch1%5Ccontrast_1.0%5CSlide%201-3%5Ctile_x001_y002_cell_0017.png,Monocyte with RBC,Clustered,Change label to: Clustered cell
58470,tile_x001_y002_cell_0021_slide1_5,/data/local-files/?d=Users%5CKyle%5CMMA_batch1%5Ccontrast_1.0%5CSlide%201-5%5Ctile_x001_y002_cell_0021.png,Monocyte with RBC,Clustered,Change label to: Clustered cell
58527,tile_x001_y002_cell_0025_slide1_5,/data/local-files/?d=Users%5CKyle%5CMMA_batch1%5Ccontrast_1.0%5CSlide%201-5%5Ctile_x001_y002_cell_0025.png,Monocyte with RBC,Clustered,Change label to: Clustered cell
58584,tile_x001_y002_cell_0029_slide1_7,/data/local-files/?d=Users%5CKyle%5CMMA_batch1%5Ccontrast_1.0%5CSlide%201-7%5Ctile_x001_y002_cell_0029.png,Monocyte with RBC,Clustered,Change label to: Clustered cell
58608,tile_x001_y002_cell_0031_slide1_5,/data/local-files/?d=Users%5CKyle%5CMMA_batch1%5Ccontrast_1.0%5CSlide%201-5%5Ctile_x001_y002_cell_0031.png,Monocyte with RBC,Clustered,Change label to: Clustered cell
58618,tile_x001_y002_cell_0032_slide1_2,/data/local-files/?d=Users%5CKyle%5CMMA_batch1%5Ccontrast_1.0%5CSlide%201-2%5Ctile_x001_y002_cell_0032.png,Monocyte with RBC,Clustered,Change label to: Clustered cell
58621,tile_x001_y002_cell_0032_slide1_5,/data/local-files/?d=Users%5CKyle%5CMMA_batch1%5Ccontrast_1.0%5CSlide%201-5%5Ctile_x001_y002_cell_0032.png,Monocyte with RBC,Clustered,Change label to: Clustered cell
58696,tile_x001_y002_cell_0038_slide1_2,/data/local-files/?d=Users%5CKyle%5CMMA_batch1%5Ccontrast_1.0%5CSlide%201-2%5Ctile_x001_y002_cell_0038.png,Monocyte with RBC,Clustered,Change label to: Clustered cell
58774,tile_x001_y002_cell_0044_slide1_2,/data/local-files/?d=Users%5CKyle%5CMMA_batch1%5Ccontrast_1.0%5CSlide%201-2%5Ctile_x001_y002_cell_0044.png,Monocyte with RBC,Clustered,Change label to: Clustered cell
58987,tile_x001_y002_cell_0062_slide1_5,/data/local-files/?d=Users%5CKyle%5CMMA_batch1%5Ccontrast_1.0%5CSlide%201-5%5Ctile_x001_y002_cell_0062.png,Monocyte with RBC,Clustered,Change label to: Clustered cell
59075,tile_x001_y002_cell_0070_slide1_5,/data/local-files/?d=Users%5CKyle%5CMMA_batch1%5Ccontrast_1.0%5CSlide%201-5%5Ctile_x001_y002_cell_0070.png,Monocyte with RBC,Clustered,Change label to: Clustered cell
59126,tile_x001_y002_cell_0075_slide1_3,/data/local-files/?d=Users%5CKyle%5CMMA_batch1%5Ccontrast_1.0%5CSlide%201-3%5Ctile_x001_y002_cell_0075.png,Monocyte with RBC,Clustered,Change label to: Clustered cell
59296,tile_x001_y002_cell_0097_slide1_2,/data/local-files/?d=Users%5CKyle%5CMMA_batch1%5Ccontrast_1.0%5CSlide%201-2%5Ctile_x001_y002_cell_0097.png,Monocyte with RBC,Clustered,Change label to: Clustered cell
59318,tile_x001_y002_cell_0100_slide1_3,/data/local-files/?d=Users%5CKyle%5CMMA_batch1%5Ccontrast_1.0%5CSlide%201-3%5Ctile_x001_y002_cell_0100.png,Monocyte with RBC,Clustered,Change label to: Clustered cell
59735,tile_x001_y002_cell_0173_slide1_5,/data/local-files/?d=Users%5CKyle%5CMMA_batch1%5Ccontrast_1.0%5CSlide%201-5%5Ctile_x001_y002_cell_0173.png,Monocyte with RBC,Clustered,Change label to: Clustered cell
59905,tile_x001_y002_cell_0216_slide1_2,/data/local-files/?d=Users%5CKyle%5CMMA_batch1%5Ccontrast_1.0%5CSlide%201-2%5Ctile_x001_y002_cell_0216.png,Monocyte with RBC,Clustered,Change label to: Clustered cell
59963,tile_x001_y002_cell_0230_slide1_5,/data/local-files/?d=Users%5CKyle%5CMMA_batch1%5Ccontrast_1.0%5CSlide%201-5%5Ctile_x001_y002_cell_0230.png,Monocyte with RBC,Clustered,Change label to: Clustered cell
59965,tile_x001_y002_cell_0231_slide1_2,/data/local-files/?d=Users%5CKyle%5CMMA_batch1%5Ccontrast_1.0%5CSlide%201-2%5Ctile_x001_y002_cell_0231.png,Monocyte with RBC,Clustered,Change label to: Clustered cell
60045,tile_x001_y002_cell_0251_slide1_2,/data/local-files/?d=Users%5CKyle%5CMMA_batch1%5Ccontrast_1.0%5CSlide%201-2%5Ctile_x001_y002_cell_0251.png,Monocyte with RBC,Clustered,Change label to: Clustered cell
60083,tile_x001_y002_cell_0265_slide1_2,/data/local-files/?d=Users%5CKyle%5CMMA_batch1%5Ccontrast_1.0%5CSlide%201-2%5Ctile_x001_y002_cell_0265.png,Monocyte with RBC,Clustered,Change label to: Clustered cell
60116,tile_x001_y002_cell_0295_slide1_2,/data/local-files/?d=Users%5CKyle%5CMMA_batch1%5Ccontrast_1.0%5CSlide%201-2%5Ctile_x001_y002_cell_0295.png,Monocyte with RBC,Clustered,Change label to: Clustered cell
60122,tile_x001_y002_cell_0301_slide1_2,/data/local-files/?d=Users%5CKyle%5CMMA_batch1%5Ccontrast_1.0%5CSlide%201-2%5Ctile_x001_y002_cell_0301.png,Monocyte with RBC,Clustered,Change label to: Clustered cell
60150,tile_x001_y002_cell_0329_slide1_2,/data/local-files/?d=Users%5CKyle%5CMMA_batch1%5Ccontrast_1.0%5CSlide%201-2%5Ctile_x001_y002_cell_0329.png,Monocyte with RBC,Clustered,Change label to: Clustered cell
60392,tile_x001_y003_cell_0011_slide1_7,/data/local-files/?d=Users%5CKyle%5CMMA_batch1%5Ccontrast_1.0%5CSlide%201-7%5Ctile_x001_y003_cell_0011.png,Monocyte with RBC,Clustered,Change label to: Clustered cell
60582,tile_x001_y003_cell_0023_slide1_6,/data/local-files/?d=Users%5CKyle%5CMMA_batch1%5Ccontrast_1.0%5CSlide%201-6%5Ctile_x001_y003_cell_0023.png,Monocyte with RBC,Clustered,Change label to: Clustered cell
60679,tile_x001_y003_cell_0030_slide1_5,/data/local-files/?d=Users%5CKyle%5CMMA_batch1%5Ccontrast_1.0%5CSlide%201-5%5Ctile_x001_y003_cell_0030.png,Monocyte with RBC,Clustered,Change label to: Clustered cell
61825,tile_x001_y003_cell_0167_slide1_6,/data/local-files/?d=Users%5CKyle%5CMMA_batch1%5Ccontrast_1.0%5CSlide%201-6%5Ctile_x001_y003_cell_0167.png,Monocyte with RBC,Clustered,Change label to: Clustered cell
61887,tile_x001_y003_cell_0188_slide1_5,/data/local-files/?d=Users%5CKyle%5CMMA_batch1%5Ccontrast_1.0%5CSlide%201-5%5Ctile_x001_y003_cell_0188.png,Monocyte with RBC,Clustered,Change label to: Clustered cell
62003,tile_x001_y003_cell_0228_slide1_5,/data/local-files/?d=Users%5CKyle%5CMMA_batch1%5Ccontrast_1.0%5CSlide%201-5%5Ctile_x001_y003_cell_0228.png,Monocyte with RBC,Clustered,Change label to: Clustered cell
62116,tile_x001_y004_cell_0001_slide1_1,/data/local-files/?d=Users%5CKyle%5CMMA_batch1%5Ccontrast_1.0%5CSlide%201-1%5Ctile_x001_y004_cell_0001.png,Monocyte with RBC,Clustered,Change label to: Clustered cell
62445,tile_x001_y004_cell_0017_slide1_6,/data/local-files/?d=Users%5CKyle%5CMMA_batch1%5Ccontrast_1.0%5CSlide%201-6%5Ctile_x001_y004_cell_0017.png,Monocyte with RBC,Clustered,Change label to: Clustered cell
62840,tile_x001_y004_cell_0045_slide1_3,/data/local-files/?d=Users%5CKyle%5CMMA_batch1%5Ccontrast_1.0%5CSlide%201-3%5Ctile_x001_y004_cell_0045.png,Monocyte with RBC,Clustered,Change label to: Clustered cell
62856,tile_x001_y004_cell_0046_slide1_5,/data/local-files/?d=Users%5CKyle%5CMMA_batch1%5Ccontrast_1.0%5CSlide%201-5%5Ctile_x001_y004_cell_0046.png,Monocyte with RBC,Clustered,Change label to: Clustered cell
63593,tile_x001_y004_cell_0144_slide1_5,/data/local-files/?d=Users%5CKyle%5CMMA_batch1%5Ccontrast_1.0%5CSlide%201-5%5Ctile_x001_y004_cell_0144.png,Monocyte with RBC,Clustered,Change label to: Clustered cell
64103,tile_x001_y005_cell_0006_slide1_1,/data/local-files/?d=Users%5CKyle%5CMMA_batch1%5Ccontrast_1.0%5CSlide%201-1%5Ctile_x001_y005_cell_0006.png,Monocyte with RBC,Clustered,Change label to: Clustered cell
64542,tile_x001_y005_cell_0031_slide1_6,/data/local-files/?d=Users%5CKyle%5CMMA_batch1%5Ccontrast_1.0%5CSlide%201-6%5Ctile_x001_y005_cell_0031.png,Monocyte with RBC,Clustered,Change label to: Clustered cell
64588,tile_x001_y005_cell_0034_slide1_6,/data/local-files/?d=Users%5CKyle%5CMMA_batch1%5Ccontrast_1.0%5CSlide%201-6%5Ctile_x001_y005_cell_0034.png,Monocyte with RBC,Clustered,Change label to: Clustered cell
65704,tile_x001_y005_cell_0171_slide1_6,/data/local-files/?d=Users%5CKyle%5CMMA_batch1%5Ccontrast_1.0%5CSlide%201-6%5Ctile_x001_y005_cell_0171.png,Monocyte with RBC,Clustered,Change label to: Clustered cell
65710,tile_x001_y005_cell_0174_slide1_6,/data/local-files/?d=Users%5CKyle%5CMMA_batch1%5Ccontrast_1.0%5CSlide%201-6%5Ctile_x001_y005_cell_0174.png,Monocyte with RBC,Clustered,Change label to: Clustered cell
65732,tile_x001_y005_cell_0185_slide1_6,/data/local-files/?d=Users%5CKyle%5CMMA_batch1%5Ccontrast_1.0%5CSlide%201-6%5Ctile_x001_y005_cell_0185.png,Monocyte with RBC,Clustered,Change label to: Clustered cell
65748,tile_x001_y005_cell_0193_slide1_6,/data/local-files/?d=Users%5CKyle%5CMMA_batch1%5Ccontrast_1.0%5CSlide%201-6%5Ctile_x001_y005_cell_0193.png,Monocyte with RBC,Clustered,Change label to: Clustered cell
65790,tile_x001_y005_cell_0214_slide1_6,/data/local-files/?d=Users%5CKyle%5CMMA_batch1%5Ccontrast_1.0%5CSlide%201-6%5Ctile_x001_y005_cell_0214.png,Monocyte with RBC,Clustered,Change label to: Clustered cell
65802,tile_x001_y005_cell_0220_slide1_6,/data/local-files/?d=Users%5CKyle%5CMMA_batch1%5Ccontrast_1.0%5CSlide%201-6%5Ctile_x001_y005_cell_0220.png,Monocyte with RBC,Clustered,Change label to: Clustered cell
65820,tile_x001_y005_cell_0229_slide1_6,/data/local-files/?d=Users%5CKyle%5CMMA_batch1%5Ccontrast_1.0%5CSlide%201-6%5Ctile_x001_y005_cell_0229.png,Monocyte with RBC,Clustered,Change label to: Clustered cell
65840,tile_x001_y005_cell_0239_slide1_6,/data/local-files/?d=Users%5CKyle%5CMMA_batch1%5Ccontrast_1.0%5CSlide%201-6%5Ctile_x001_y005_cell_0239.png,Monocyte with RBC,Clustered,Change label to: Clustered cell
67010,tile_x001_y006_cell_0075_slide1_3,/data/local-files/?d=Users%5CKyle%5CMMA_batch1%5Ccontrast_1.0%5CSlide%201-3%5Ctile_x001_y006_cell_0075.png,Monocyte with RBC,Clustered,Change label to: Clustered cell
67371,tile_x001_y006_cell_0116_slide1_3,/data/local-files/?d=Users%5CKyle%5CMMA_batch1%5Ccontrast_1.0%5CSlide%201-3%5Ctile_x001_y006_cell_0116.png,Monocyte with RBC,Clustered,Change label to: Clustered cell
67472,tile_x001_y006_cell_0129_slide1_2,/data/local-files/?d=Users%5CKyle%5CMMA_batch1%5Ccontrast_1.0%5CSlide%201-2%5Ctile_x001_y006_cell_0129.png,Monocyte with RBC,Clustered,Change label to: Clustered cell
67573,tile_x001_y006_cell_0144_slide1_2,/data/local-files/?d=Users%5CKyle%5CMMA_batch1%5Ccontrast_1.0%5CSlide%201-2%5Ctile_x001_y006_cell_0144.png,Monocyte with RBC,Clustered,Change label to: Clustered cell
67833,tile_x001_y006_cell_0201_slide1_2,/data/local-files/?d=Users%5CKyle%5CMMA_batch1%5Ccontrast_1.0%5CSlide%201-2%5Ctile_x001_y006_cell_0201.png,Monocyte with RBC,Clustered,Change label to: Clustered cell
67837,tile_x001_y006_cell_0202_slide1_2,/data/local-files/?d=Users%5CKyle%5CMMA_batch1%5Ccontrast_1.0%5CSlide%201-2%5Ctile_x001_y006_cell_0202.png,Monocyte with RBC,Clustered,Change label to: Clustered cell
67916,tile_x001_y006_cell_0227_slide1_6,/data/local-files/?d=Users%5CKyle%5CMMA_batch1%5Ccontrast_1.0%5CSlide%201-6%5Ctile_x001_y006_cell_0227.png,Monocyte with RBC,Clustered,Change label to: Clustered cell
68115,tile_x001_y007_cell_0004_slide1_5,/data/local-files/?d=Users%5CKyle%5CMMA_batch1%5Ccontrast_1.0%5CSlide%201-5%5Ctile_x001_y007_cell_0004.png,Monocyte with RBC,Clustered,Change label to: Clustered cell
68138,tile_x001_y007_cell_0005_slide1_5,/data/local-files/?d=Users%5CKyle%5CMMA_batch1%5Ccontrast_1.0%5CSlide%201-5%5Ctile_x001_y007_cell_0005.png,Monocyte with RBC,Clustered,Change label to: Clustered cell
68237,tile_x001_y007_cell_0010_slide1_1,/data/local-files/?d=Users%5CKyle%5CMMA_batch1%5Ccontrast_1.0%5CSlide%201-1%5Ctile_x001_y007_cell_0010.png,Monocyte with RBC,Clustered,Change label to: Clustered cell
219610,tile_x007_y003_cell_0139_slide1_1,/data/local-files/?d=Users%5CKyle%5CMMA_batch1%5Ccontrast_1.0%5CSlide%201-1%5Ctile_x007_y003_cell_0139.png,Monocyte with RBC,Clustered,Change label to: Clustered cell
219680,tile_x007_y003_cell_0153_slide1_1,/data/local-files/?d=Users%5CKyle%5CMMA_batch1%5Ccontrast_1.0%5CSlide%201-1%5Ctile_x007_y003_cell_0153.png,Monocyte with RBC,Clustered,Change label to: Clustered cell
220021,tile_x007_y003_cell_0237_slide1_2,/data/local-files/?d=Users%5CKyle%5CMMA_batch1%5Ccontrast_1.0%5CSlide%201-2%5Ctile_x007_y003_cell_0237.png,Monocyte with RBC,Clustered,Change label to: Clustered cell
220124,tile_x007_y003_cell_0267_slide1_4,/data/local-files/?d=Users%5CKyle%5CMMA_batch1%5Ccontrast_1.0%5CSlide%201-4%5Ctile_x007_y003_cell_0267.png,Monocyte with RBC,Clustered,Change label to: Clustered cell
220163,tile_x007_y003_cell_0282_slide1_1,/data/local-files/?d=Users%5CKyle%5CMMA_batch1%5Ccontrast_1.0%5CSlide%201-1%5Ctile_x007_y003_cell_0282.png,Monocyte with RBC,Clustered,Change label to: Clustered cell
220268,tile_x007_y003_cell_0372_slide1_2,/data/local-files/?d=Users%5CKyle%5CMMA_batch1%5Ccontrast_1.0%5CSlide%201-2%5Ctile_x007_y003_cell_0372.png,Monocyte with RBC,Clustered,Change label to: Clustered cell
220556,tile_x007_y004_cell_0015_slide1_2,/data/local-files/?d=Users%5CKyle%5CMMA_batch1%5Ccontrast_1.0%5CSlide%201-2%5Ctile_x007_y004_cell_0015.png,Monocyte with RBC,Clustered,Change label to: Clustered cell
220671,tile_x007_y004_cell_0022_slide1_5,/data/local-files/?d=Users%5CKyle%5CMMA_batch1%5Ccontrast_1.0%5CSlide%201-5%5Ctile_x007_y004_cell_0022.png,Monocyte with RBC,Clustered,Change label to: Clustered cell
221039,tile_x007_y004_cell_0047_slide1_6,/data/local-files/?d=Users%5CKyle%5CMMA_batch1%5Ccontrast_1.0%5CSlide%201-6%5Ctile_x007_y004_cell_0047.png,Monocyte with RBC,Clustered,Change label to: Clustered cell
221124,tile_x007_y004_cell_0053_slide1_7,/data/local-files/?d=Users%5CKyle%5CMMA_batch1%5Ccontrast_1.0%5CSlide%201-7%5Ctile_x007_y004_cell_0053.png,Monocyte with RBC,Clustered,Change label to: Clustered cell
221220,tile_x007_y004_cell_0061_slide1_1,/data/local-files/?d=Users%5CKyle%5CMMA_batch1%5Ccontrast_1.0%5CSlide%201-1%5Ctile_x007_y004_cell_0061.png,Monocyte with RBC,Clustered,Change label to: Clustered cell
221255,tile_x007_y004_cell_0064_slide1_6,/data/local-files/?d=Users%5CKyle%5CMMA_batch1%5Ccontrast_1.0%5CSlide%201-6%5Ctile_x007_y004_cell_0064.png,Monocyte with RBC,Clustered,Change label to: Clustered cell
221305,tile_x007_y004_cell_0069_slide1_6,/data/local-files/?d=Users%5CKyle%5CMMA_batch1%5Ccontrast_1.0%5CSlide%201-6%5Ctile_x007_y004_cell_0069.png,Monocyte with RBC,Clustered,Change label to: Clustered cell
221434,tile_x007_y004_cell_0082_slide1_5,/data/local-files/?d=Users%5CKyle%5CMMA_batch1%5Ccontrast_1.0%5CSlide%201-5%5Ctile_x007_y004_cell_0082.png,Monocyte with RBC,Clustered,Change label to: Clustered cell
221611,tile_x007_y004_cell_0104_slide1_2,/data/local-files/?d=Users%5CKyle%5CMMA_batch1%5Ccontrast_1.0%5CSlide%201-2%5Ctile_x007_y004_cell_0104.png,Monocyte with RBC,Clustered,Change label to: Clustered cell
221671,tile_x007_y004_cell_0112_slide1_6,/data/local-files/?d=Users%5CKyle%5CMMA_batch1%5Ccontrast_1.0%5CSlide%201-6%5Ctile_x007_y004_cell_0112.png,Monocyte with RBC,Clustered,Change label to: Clustered cell
221914,tile_x007_y004_cell_0157_slide1_1,/data/local-files/?d=Users%5CKyle%5CMMA_batch1%5Ccontrast_1.0%5CSlide%201-1%5Ctile_x007_y004_cell_0157.png,Monocyte with RBC,Clustered,Change label to: Clustered cell
221985,tile_x007_y004_cell_0173_slide1_2,/data/local-files/?d=Users%5CKyle%5CMMA_batch1%5Ccontrast_1.0%5CSlide%201-2%5Ctile_x007_y004_cell_0173.png,Monocyte with RBC,Clustered,Change label to: Clustered cell
222046,tile_x007_y004_cell_0188_slide1_3,/data/local-files/?d=Users%5CKyle%5CMMA_batch1%5Ccontrast_1.0%5CSlide%201-3%5Ctile_x007_y004_cell_0188.png,Monocyte with RBC,Clustered,Change label to: Clustered cell
222049,tile_x007_y004_cell_0189_slide1_2,/data/local-files/?d=Users%5CKyle%5CMMA_batch1%5Ccontrast_1.0%5CSlide%201-2%5Ctile_x007_y004_cell_0189.png,Monocyte with RBC,Clustered,Change label to: Clustered cell
222061,tile_x007_y004_cell_0192_slide1_2,/data/local-files/?d=Users%5CKyle%5CMMA_batch1%5Ccontrast_1.0%5CSlide%201-2%5Ctile_x007_y004_cell_0192.png,Monocyte with RBC,Clustered,Change label to: Clustered cell
222086,tile_x007_y004_cell_0200_slide1_2,/data/local-files/?d=Users%5CKyle%5CMMA_batch1%5Ccontrast_1.0%5CSlide%201-2%5Ctile_x007_y004_cell_0200.png,Monocyte with RBC,Clustered,Change label to: Clustered cell
467790,tile_x017_y001_cell_0106_slide1_7,/data/local-files/?d=Users%5CKyle%5CMMA_batch1%5Ccontrast_1.0%5CSlide%201-7%5Ctile_x017_y001_cell_0106.png,Monocyte with RBC,Clustered,Change label to: Clustered cell
467995,tile_x017_y001_cell_0152_slide1_2,/data/local-files/?d=Users%5CKyle%5CMMA_batch1%5Ccontrast_1.0%5CSlide%201-2%5Ctile_x017_y001_cell_0152.png,Monocyte with RBC,Clustered,Change label to: Clustered cell
468097,tile_x017_y001_cell_0186_slide1_2,/data/local-files/?d=Users%5CKyle%5CMMA_batch1%5Ccontrast_1.0%5CSlide%201-2%5Ctile_x017_y001_cell_0186.png,Monocyte with RBC,Clustered,Change label to: Clustered cell
468115,tile_x017_y001_cell_0192_slide1_2,/data/local-files/?d=Users%5CKyle%5CMMA_batch1%5Ccontrast_1.0%5CSlide%201-2%5Ctile_x017_y001_cell_0192.png,Monocyte with RBC,Clustered,Change label to: Clustered cell
469376,tile_x017_y002_cell_0071_slide1_1,/data/local-files/?d=Users%5CKyle%5CMMA_batch1%5Ccontrast_1.0%5CSlide%201-1%5Ctile_x017_y002_cell_0071.png,Monocyte with RBC,Clustered,Change label to: Clustered cell
469421,tile_x017_y002_cell_0075_slide1_2,/data/local-files/?d=Users%5CKyle%5CMMA_batch1%5Ccontrast_1.0%5CSlide%201-2%5Ctile_x017_y002_cell_0075.png,Monocyte with RBC,Clustered,Change label to: Clustered cell
469678,tile_x017_y002_cell_0106_slide1_1,/data/local-files/?d=Users%5CKyle%5CMMA_batch1%5Ccontrast_1.0%5CSlide%201-1%5Ctile_x017_y002_cell_0106.png,Monocyte with RBC,Clustered,Change label to: Clustered cell
469901,tile_x017_y002_cell_0145_slide1_1,/data/local-files/?d=Users%5CKyle%5CMMA_batch1%5Ccontrast_1.0%5CSlide%201-1%5Ctile_x017_y002_cell_0145.png,Monocyte with RBC,Clustered,Change label to: Clustered cell
469915,tile_x017_y002_cell_0148_slide1_2,/data/local-files/?d=Users%5CKyle%5CMMA_batch1%5Ccontrast_1.0%5CSlide%201-2%5Ctile_x017_y002_cell_0148.png,Monocyte with RBC,Clustered,Change label to: Clustered cell
469934,tile_x017_y002_cell_0153_slide1_1,/data/local-files/?d=Users%5CKyle%5CMMA_batch1%5Ccontrast_1.0%5CSlide%201-1%5Ctile_x017_y002_cell_0153.png,Monocyte with RBC,Clustered,Change label to: Clustered cell
479774,tile_x017_y006_cell_0155_slide1_2,/data/local-files/?d=Users%5CKyle%5CMMA_batch1%5Ccontrast_1.0%5CSlide%201-2%5Ctile_x017_y006_cell_0155.png,Monocyte with RBC,Clustered,Change label to: Clustered cell
482591,tile_x017_y008_cell_0038_slide1_1,/data/local-files/?d=Users%5CKyle%5CMMA_batch1%5Ccontrast_1.0%5CSlide%201-1%5Ctile_x017_y008_cell_0038.png,Monocyte with RBC,Clustered,Change label to: Clustered cell
483100,tile_x017_y008_cell_0077_slide1_2,/data/local-files/?d=Users%5CKyle%5CMMA_batch1%5Ccontrast_1.0%5CSlide%201-2%5Ctile_x017_y008_cell_0077.png,Monocyte with RBC,Clustered,Change label to: Clustered cell
483215,tile_x017_y008_cell_0088_slide1_2,/data/local-files/?d=Users%5CKyle%5CMMA_batch1%5Ccontrast_1.0%5CSlide%201-2%5Ctile_x017_y008_cell_0088.png,Monocyte with RBC,Clustered,Change label to: Clustered cell
483263,tile_x017_y008_cell_0093_slide1_5,/data/local-files/?d=Users%5CKyle%5CMMA_batch1%5Ccontrast_1.0%5CSlide%201-5%5Ctile_x017_y008_cell_0093.png,Monocyte with RBC,Clustered,Change label to: Clustered cell
483515,tile_x017_y008_cell_0151_slide1_5,/data/local-files/?d=Users%5CKyle%5CMMA_batch1%5Ccontrast_1.0%5CSlide%201-5%5Ctile_x017_y008_cell_0151.png,Monocyte with RBC,Clustered,Change label to: Clustered cell
483527,tile_x017_y008_cell_0157_slide1_5,/data/local-files/?d=Users%5CKyle%5CMMA_batch1%5Ccontrast_1.0%5CSlide%201-5%5Ctile_x017_y008_cell_0157.png,Monocyte with RBC,Clustered,Change label to: Clustered cell
483777,tile_x017_y009_cell_0006_slide1_5,/data/local-files/?d=Users%5CKyle%5CMMA_batch1%5Ccontrast_1.0%5CSlide%201-5%5Ctile_x017_y009_cell_0006.png,Monocyte with RBC,Clustered,Change label to: Clustered cell
483983,tile_x017_y009_cell_0016_slide1_6,/data/local-files/?d=Users%5CKyle%5CMMA_batch1%5Ccontrast_1.0%5CSlide%201-6%5Ctile_x017_y009_cell_0016.png,Monocyte with RBC,Clustered,Change label to: Clustered cell
491313,tile_x017_y021_cell_0188_slide1_1,/data/local-files/?d=Users%5CKyle%5CMMA_batch1%5Ccontrast_1.0%5CSlide%201-1%5Ctile_x017_y021_cell_0188.png,Monocyte with RBC,Clustered,Change label to: Clustered cell
491314,tile_x017_y021_cell_0189_slide1_1,/data/local-files/?d=Users%5CKyle%5CMMA_batch1%5Ccontrast_1.0%5CSlide%201-1%5Ctile_x017_y021_cell_0189.png,Monocyte with RBC,Clustered,Change label to: Clustered cell
491541,tile_x018_y002_cell_0016_slide1_1,/data/local-files/?d=Users%5CKyle%5CMMA_batch1%5Ccontrast_1.0%5CSlide%201-1%5Ctile_x018_y002_cell_0016.png,Monocyte with RBC,Clustered,Change label to: Clustered cell
491580,tile_x018_y002_cell_0025_slide1_5,/data/local-files/?d=Users%5CKyle%5CMMA_batch1%5Ccontrast_1.0%5CSlide%201-5%5Ctile_x018_y002_cell_0025.png,Monocyte with RBC,Clustered,Change label to: Clustered cell
491669,tile_x018_y002_cell_0059_slide1_1,/data/local-files/?d=Users%5CKyle%5CMMA_batch1%5Ccontrast_1.0%5CSlide%201-1%5Ctile_x018_y002_cell_0059.png,Monocyte with RBC,Clustered,Change label to: Clustered cell
491703,tile_x018_y002_cell_0076_slide1_1,/data/local-files/?d=Users%5CKyle%5CMMA_batch1%5Ccontrast_1.0%5CSlide%201-1%5Ctile_x018_y002_cell_0076.png,Monocyte with RBC,Clustered,Change label to: Clustered cell
491747,tile_x018_y002_cell_0115_slide1_1,/data/local-files/?d=Users%5CKyle%5CMMA_batch1%5Ccontrast_1.0%5CSlide%201-1%5Ctile_x018_y002_cell_0115.png,Monocyte with RBC,Clustered,Change label to: Clustered cell
492400,tile_x018_y004_cell_0064_slide1_1,/data/local-files/?d=Users%5CKyle%5CMMA_batch1%5Ccontrast_1.0%5CSlide%201-1%5Ctile_x018_y004_cell_0064.png,Monocyte with RBC,Clustered,Change label to: Clustered cell
492408,tile_x018_y004_cell_0066_slide1_1,/data/local-files/?d=Users%5CKyle%5CMMA_batch1%5Ccontrast_1.0%5CSlide%201-1%5Ctile_x018_y004_cell_0066.png,Monocyte with RBC,Clustered,Change label to: Clustered cell
492411,tile_x018_y004_cell_0066_slide1_5,/data/local-files/?d=Users%5CKyle%5CMMA_batch1%5Ccontrast_1.0%5CSlide%201-5%5Ctile_x018_y004_cell_0066.png,Monocyte with RBC,Clustered,Change label to: Clustered cell
493461,tile_x018_y007_cell_0023_slide1_5,/data/local-files/?d=Users%5CKyle%5CMMA_batch1%5Ccontrast_1.0%5CSlide%201-5%5Ctile_x018_y007_cell_0023.png,Monocyte with RBC,Clustered,Change label to: Clustered cell
493469,tile_x018_y007_cell_0025_slide1_5,/data/local-files/?d=Users%5CKyle%5CMMA_batch1%5Ccontrast_1.0%5CSlide%201-5%5Ctile_x018_y007_cell_0025.png,Monocyte with RBC,Clustered,Change label to: Clustered cell
493581,tile_x018_y007_cell_0053_slide1_5,/data/local-files/?d=Users%5CKyle%5CMMA_batch1%5Ccontrast_1.0%5CSlide%201-5%5Ctile_x018_y007_cell_0053.png,Monocyte with RBC,Clustered,Change label to: Clustered cell
493586,tile_x018_y007_cell_0055_slide1_1,/data/local-files/?d=Users%5CKyle%5CMMA_batch1%5Ccontrast_1.0%5CSlide%201-1%5Ctile_x018_y007_cell_0055.png,Monocyte with RBC,Clustered,Change label to: Clustered cell
493589,tile_x018_y007_cell_0055_slide1_5,/data/local-files/?d=Users%5CKyle%5CMMA_batch1%5Ccontrast_1.0%5CSlide%201-5%5Ctile_x018_y007_cell_0055.png,Monocyte with RBC,Clustered,Change label to: Clustered cell
493599,tile_x018_y007_cell_0059_slide1_1,/data/local-files/?d=Users%5CKyle%5CMMA_batch1%5Ccontrast_1.0%5CSlide%201-1%5Ctile_x018_y007_cell_0059.png,Monocyte with RBC,Clustered,Change label to: Clustered cell
493806,tile_x018_y008_cell_0029_slide1_5,/data/local-files/?d=Users%5CKyle%5CMMA_batch1%5Ccontrast_1.0%5CSlide%201-5%5Ctile_x018_y008_cell_0029.png,Monocyte with RBC,Clustered,Change label to: Clustered cell
493836,tile_x018_y008_cell_0039_slide1_5,/data/local-files/?d=Users%5CKyle%5CMMA_batch1%5Ccontrast_1.0%5CSlide%201-5%5Ctile_x018_y008_cell_0039.png,Monocyte with RBC,Clustered,Change label to: Clustered cell
494088,tile_x018_y009_cell_0026_slide1_1,/data/local-files/?d=Users%5CKyle%5CMMA_batch1%5Ccontrast_1.0%5CSlide%201-1%5Ctile_x018_y009_cell_0026.png,Monocyte with RBC,Clustered,Change label to: Clustered cell
494128,tile_x018_y009_cell_0036_slide1_1,/data/local-files/?d=Users%5CKyle%5CMMA_batch1%5Ccontrast_1.0%5CSlide%201-1%5Ctile_x018_y009_cell_0036.png,Monocyte with RBC,Clustered,Change label to: Clustered cell
494132,tile_x018_y009_cell_0037_slide1_1,/data/local-files/?d=Users%5CKyle%5CMMA_batch1%5Ccontrast_1.0%5CSlide%201-1%5Ctile_x018_y009_cell_0037.png,Monocyte with RBC,Clustered,Change label to: Clustered cell
494151,tile_x018_y009_cell_0042_slide1_1,/data/local-files/?d=Users%5CKyle%5CMMA_batch1%5Ccontrast_1.0%5CSlide%201-1%5Ctile_x018_y009_cell_0042.png,Monocyte with RBC,Clustered,Change label to: Clustered cell
494155,tile_x018_y009_cell_0043_slide1_3,/data/local-files/?d=Users%5CKyle%5CMMA_batch1%5Ccontrast_1.0%5CSlide%201-3%5Ctile_x018_y009_cell_0043.png,Monocyte with RBC,Clustered,Change label to: Clustered cell
494328,tile_x018_y010_cell_0009_slide1_1,/data/local-files/?d=Users%5CKyle%5CMMA_batch1%5Ccontrast_1.0%5CSlide%201-1%5Ctile_x018_y010_cell_0009.png,Monocyte with RBC,Clustered,Change label to: Clustered cell
494344,tile_x018_y010_cell_0013_slide1_1,/data/local-files/?d=Users%5CKyle%5CMMA_batch1%5Ccontrast_1.0%5CSlide%201-1%5Ctile_x018_y010_cell_0013.png,Monocyte with RBC,Clustered,Change label to: Clustered cell
494368,tile_x018_y010_cell_0019_slide1_1,/data/local-files/?d=Users%5CKyle%5CMMA_batch1%5Ccontrast_1.0%5CSlide%201-1%5Ctile_x018_y010_cell_0019.png,Monocyte with RBC,Clustered,Change label to: Clustered cell
494372,tile_x018_y010_cell_0020_slide1_1,/data/local-files/?d=Users%5CKyle%5CMMA_batch1%5Ccontrast_1.0%5CSlide%201-1%5Ctile_x018_y010_cell_0020.png,Monocyte with RBC,Clustered,Change label to: Clustered cell
494500,tile_x018_y010_cell_0089_slide1_3,/data/local-files/?d=Users%5CKyle%5CMMA_batch1%5Ccontrast_1.0%5CSlide%201-3%5Ctile_x018_y010_cell_0089.png,Monocyte with RBC,Clustered,Change label to: Clustered cell
494539,tile_x018_y011_cell_0007_slide1_1,/data/local-files/?d=Users%5CKyle%5CMMA_batch1%5Ccontrast_1.0%5CSlide%201-1%5Ctile_x018_y011_cell_0007.png,Monocyte with RBC,Clustered,Change label to: Clustered cell
494781,tile_x018_y012_cell_0018_slide1_1,/data/local-files/?d=Users%5CKyle%5CMMA_batch1%5Ccontrast_1.0%5CSlide%201-1%5Ctile_x018_y012_cell_0018.png,Monocyte with RBC,Clustered,Change label to: Clustered cell
494785,tile_x018_y012_cell_0019_slide1_1,/data/local-files/?d=Users%5CKyle%5CMMA_batch1%5Ccontrast_1.0%5CSlide%201-1%5Ctile_x018_y012_cell_0019.png,Monocyte with RBC,Clustered,Change label to: Clustered cell
494972,tile_x018_y013_cell_0017_slide1_1,/data/local-files/?d=Users%5CKyle%5CMMA_batch1%5Ccontrast_1.0%5CSlide%201-1%5Ctile_x018_y013_cell_0017.png,Monocyte with RBC,Clustered,Change label to: Clustered cell
494976,tile_x018_y013_cell_0018_slide1_1,/data/local-files/?d=Users%5CKyle%5CMMA_batch1%5Ccontrast_1.0%5CSlide%201-1%5Ctile_x018_y013_cell_0018.png,Monocyte with RBC,Clustered,Change label to: Clustered cell
495015,tile_x018_y013_cell_0027_slide1_5,/data/local-files/?d=Users%5CKyle%5CMMA_batch1%5Ccontrast_1.0%5CSlide%201-5%5Ctile_x018_y013_cell_0027.png,Monocyte with RBC,Clustered,Change label to: Clustered cell
495095,tile_x018_y013_cell_0051_slide1_5,/data/local-files/?d=Users%5CKyle%5CMMA_batch1%5Ccontrast_1.0%5CSlide%201-5%5Ctile_x018_y013_cell_0051.png,Monocyte with RBC,Clustered,Change label to: Clustered cell
495114,tile_x018_y013_cell_0060_slide1_5,/data/local-files/?d=Users%5CKyle%5CMMA_batch1%5Ccontrast_1.0%5CSlide%201-5%5Ctile_x018_y013_cell_0060.png,Monocyte with RBC,Clustered,Change label to: Clustered cell
