"annotation_id","annotator","choice","created_at","id","image","lead_time","updated_at"
16453,"1","1","2026-03-17T04:13:06.836343Z",503869,"/data/local-files/?d=Users%5CKyle%5CMonocyte_with_RBC%5Ctile_x001_y001_cell_0001_slide1_6.png",5.946,"2026-03-17T04:14:25.663562Z"
16454,"1","1","2026-03-17T04:13:08.042713Z",503870,"/data/local-files/?d=Users%5CKyle%5CMonocyte_with_RBC%5Ctile_x001_y001_cell_0001_slide3_3.png",1.752,"2026-03-17T04:14:27.723614Z"
16455,"1","1","2026-03-17T04:13:09.142551Z",503871,"/data/local-files/?d=Users%5CKyle%5CMonocyte_with_RBC%5Ctile_x001_y001_cell_0001_slide3_4.png",1.7429999999999999,"2026-03-17T04:14:29.661232Z"
16456,"1","Clustered","2026-03-17T04:13:14.649363Z",503872,"/data/local-files/?d=Users%5CKyle%5CMonocyte_with_RBC%5Ctile_x001_y001_cell_0001_slide3_7.png",5.286,"2026-03-17T04:13:14.649363Z"
16457,"1","1","2026-03-17T04:13:16.139655Z",503873,"/data/local-files/?d=Users%5CKyle%5CMonocyte_with_RBC%5Ctile_x001_y001_cell_0004_slide3_8.png",3.3739999999999997,"2026-03-17T04:14:36.162467Z"
16458,"1","1","2026-03-17T04:13:17.298292Z",503874,"/data/local-files/?d=Users%5CKyle%5CMonocyte_with_RBC%5Ctile_x001_y001_cell_0005_slide1_7.png",2.368,"2026-03-17T04:14:38.750520Z"
16459,"1","1","2026-03-17T04:13:18.260578Z",503875,"/data/local-files/?d=Users%5CKyle%5CMonocyte_with_RBC%5Ctile_x001_y001_cell_0006_slide1_7.png",1.925,"2026-03-17T04:14:40.943391Z"
16460,"1","3","2026-03-17T04:13:20.135837Z",503876,"/data/local-files/?d=Users%5CKyle%5CMonocyte_with_RBC%5Ctile_x001_y001_cell_0007_slide1_2.png",6.114,"2026-03-17T04:14:56.979639Z"
16461,"1","1","2026-03-17T04:13:21.644727Z",503877,"/data/local-files/?d=Users%5CKyle%5CMonocyte_with_RBC%5Ctile_x001_y001_cell_0008_slide3_7.png",2.9690000000000003,"2026-03-17T04:14:47.326504Z"
16462,"1","3","2026-03-17T04:13:23.485503Z",503878,"/data/local-files/?d=Users%5CKyle%5CMonocyte_with_RBC%5Ctile_x001_y001_cell_0009_slide3_7.png",6.452,"2026-03-17T04:14:53.667634Z"
16463,"1","1","2026-03-17T04:13:24.786594Z",503879,"/data/local-files/?d=Users%5CKyle%5CMonocyte_with_RBC%5Ctile_x001_y001_cell_0011_slide3_5.png",3.473,"2026-03-17T04:15:06.421874Z"
16464,"1","0","2026-03-17T04:13:29.328043Z",503880,"/data/local-files/?d=Users%5CKyle%5CMonocyte_with_RBC%5Ctile_x001_y001_cell_0013_slide1_1.png",5.742,"2026-03-17T04:15:12.691828Z"
16465,"1","1","2026-03-17T04:13:30.405057Z",503881,"/data/local-files/?d=Users%5CKyle%5CMonocyte_with_RBC%5Ctile_x001_y001_cell_0014_slide3_7.png",2.131,"2026-03-17T04:15:15.455522Z"
16466,"1","1","2026-03-17T04:13:31.725604Z",503882,"/data/local-files/?d=Users%5CKyle%5CMonocyte_with_RBC%5Ctile_x001_y001_cell_0016_slide1_4.png",2.209,"2026-03-17T04:15:17.708374Z"
16467,"1","Clustered","2026-03-17T04:13:33.106989Z",503883,"/data/local-files/?d=Users%5CKyle%5CMonocyte_with_RBC%5Ctile_x001_y001_cell_0018_slide2_8.png",5.976,"2026-03-17T04:13:39.716055Z"
16468,"1","3","2026-03-17T04:13:45.304151Z",503884,"/data/local-files/?d=Users%5CKyle%5CMonocyte_with_RBC%5Ctile_x001_y001_cell_0019_slide1_2.png",5.537,"2026-03-17T04:15:25.489688Z"
16469,"1","1","2026-03-17T04:13:46.664965Z",503885,"/data/local-files/?d=Users%5CKyle%5CMonocyte_with_RBC%5Ctile_x001_y001_cell_0020_slide1_7.png",2.591,"2026-03-17T04:15:27.896117Z"
16470,"1","Clustered","2026-03-17T04:13:48.708445Z",503886,"/data/local-files/?d=Users%5CKyle%5CMonocyte_with_RBC%5Ctile_x001_y001_cell_0021_slide1_2.png",1.829,"2026-03-17T04:13:48.708445Z"
16471,"1","Clustered","2026-03-17T04:13:53.843635Z",503887,"/data/local-files/?d=Users%5CKyle%5CMonocyte_with_RBC%5Ctile_x001_y001_cell_0023_slide2_5.png",15.793,"2026-03-17T04:15:34.230121Z"
16472,"1","1","2026-03-17T04:13:55.149233Z",503888,"/data/local-files/?d=Users%5CKyle%5CMonocyte_with_RBC%5Ctile_x001_y001_cell_0024_slide1_2.png",2.5869999999999997,"2026-03-17T04:15:41.238138Z"
16473,"1","Clustered","2026-03-17T04:13:56.151440Z",503889,"/data/local-files/?d=Users%5CKyle%5CMonocyte_with_RBC%5Ctile_x001_y001_cell_0026_slide1_7.png",1.625,"2026-03-17T04:13:58.463917Z"
16474,"1","0","2026-03-17T04:15:48.504981Z",503890,"/data/local-files/?d=Users%5CKyle%5CMonocyte_with_RBC%5Ctile_x001_y001_cell_0027_slide1_4.png",3.164,"2026-03-17T04:15:48.504981Z"
16475,"1","1","2026-03-17T04:15:50.908415Z",503891,"/data/local-files/?d=Users%5CKyle%5CMonocyte_with_RBC%5Ctile_x001_y001_cell_0027_slide3_5.png",1.482,"2026-03-17T04:15:50.908415Z"
16476,"1","1","2026-03-17T04:15:55.193800Z",503892,"/data/local-files/?d=Users%5CKyle%5CMonocyte_with_RBC%5Ctile_x001_y001_cell_0030_slide1_2.png",1.438,"2026-03-17T04:15:55.193800Z"
16477,"1","2","2026-03-17T04:16:08.483842Z",503893,"/data/local-files/?d=Users%5CKyle%5CMonocyte_with_RBC%5Ctile_x001_y001_cell_0035_slide1_4.png",9.511,"2026-03-17T04:16:08.483842Z"
16478,"1","1","2026-03-17T04:16:10.031927Z",503894,"/data/local-files/?d=Users%5CKyle%5CMonocyte_with_RBC%5Ctile_x001_y001_cell_0036_slide1_4.png",1.305,"2026-03-17T04:16:10.031927Z"
16479,"1","Clustered","2026-03-17T04:16:11.934329Z",503895,"/data/local-files/?d=Users%5CKyle%5CMonocyte_with_RBC%5Ctile_x001_y001_cell_0039_slide1_6.png",1.654,"2026-03-17T04:16:11.934329Z"
16480,"1","Clustered","2026-03-17T04:16:13.752000Z",503896,"/data/local-files/?d=Users%5CKyle%5CMonocyte_with_RBC%5Ctile_x001_y001_cell_0043_slide1_2.png",1.623,"2026-03-17T04:16:13.752000Z"
16481,"1","Clustered","2026-03-17T04:16:14.983143Z",503897,"/data/local-files/?d=Users%5CKyle%5CMonocyte_with_RBC%5Ctile_x001_y001_cell_0048_slide1_2.png",1.039,"2026-03-17T04:16:14.983143Z"
16482,"1","Clustered","2026-03-17T04:16:22.404085Z",503898,"/data/local-files/?d=Users%5CKyle%5CMonocyte_with_RBC%5Ctile_x001_y001_cell_0049_slide1_2.png",7.236,"2026-03-17T04:16:22.404085Z"
16483,"1","Clustered","2026-03-17T04:16:24.095981Z",503899,"/data/local-files/?d=Users%5CKyle%5CMonocyte_with_RBC%5Ctile_x001_y001_cell_0053_slide1_2.png",1.49,"2026-03-17T04:16:24.095981Z"
16484,"1","1","2026-03-17T04:16:25.686355Z",503900,"/data/local-files/?d=Users%5CKyle%5CMonocyte_with_RBC%5Ctile_x001_y001_cell_0053_slide1_7.png",1.398,"2026-03-17T04:16:25.686355Z"
16485,"1","1","2026-03-17T04:16:26.745626Z",503901,"/data/local-files/?d=Users%5CKyle%5CMonocyte_with_RBC%5Ctile_x001_y001_cell_0056_slide1_7.png",0.871,"2026-03-17T04:16:26.745626Z"
16486,"1","Clustered","2026-03-17T04:16:28.949598Z",503902,"/data/local-files/?d=Users%5CKyle%5CMonocyte_with_RBC%5Ctile_x001_y001_cell_0059_slide1_7.png",2.019,"2026-03-17T04:16:28.949598Z"
16487,"1","1","2026-03-17T04:16:35.584120Z",503903,"/data/local-files/?d=Users%5CKyle%5CMonocyte_with_RBC%5Ctile_x001_y001_cell_0061_slide1_2.png",6.444,"2026-03-17T04:16:35.584120Z"
16488,"1","Clustered","2026-03-17T04:16:37.392499Z",503904,"/data/local-files/?d=Users%5CKyle%5CMonocyte_with_RBC%5Ctile_x001_y001_cell_0065_slide1_7.png",1.607,"2026-03-17T04:16:37.392499Z"
16489,"1","Clustered","2026-03-17T04:16:39.233546Z",503905,"/data/local-files/?d=Users%5CKyle%5CMonocyte_with_RBC%5Ctile_x001_y001_cell_0066_slide1_7.png",1.65,"2026-03-17T04:16:39.233546Z"
16490,"1","2","2026-03-17T04:16:42.187964Z",503906,"/data/local-files/?d=Users%5CKyle%5CMonocyte_with_RBC%5Ctile_x001_y001_cell_0069_slide1_5.png",2.763,"2026-03-17T04:16:42.187964Z"
16491,"1","Clustered","2026-03-17T04:16:47.222928Z",503907,"/data/local-files/?d=Users%5CKyle%5CMonocyte_with_RBC%5Ctile_x001_y001_cell_0072_slide1_8.png",4.842,"2026-03-17T04:16:47.222928Z"
16492,"1","1","2026-03-17T04:16:48.951231Z",503908,"/data/local-files/?d=Users%5CKyle%5CMonocyte_with_RBC%5Ctile_x001_y001_cell_0075_slide2_1.png",1.501,"2026-03-17T04:16:48.951231Z"
16493,"1","Clustered","2026-03-17T04:16:51.050393Z",503909,"/data/local-files/?d=Users%5CKyle%5CMonocyte_with_RBC%5Ctile_x001_y001_cell_0076_slide1_6.png",1.876,"2026-03-17T04:16:51.050393Z"
16494,"1","Clustered","2026-03-17T04:16:53.049079Z",503910,"/data/local-files/?d=Users%5CKyle%5CMonocyte_with_RBC%5Ctile_x001_y001_cell_0083_slide1_6.png",1.807,"2026-03-17T04:16:53.049079Z"
16495,"1","1","2026-03-17T04:16:54.410187Z",503911,"/data/local-files/?d=Users%5CKyle%5CMonocyte_with_RBC%5Ctile_x001_y001_cell_0086_slide2_1.png",1.172,"2026-03-17T04:16:54.410187Z"
16496,"1","Clustered","2026-03-17T04:16:55.919770Z",503912,"/data/local-files/?d=Users%5CKyle%5CMonocyte_with_RBC%5Ctile_x001_y001_cell_0087_slide1_5.png",1.318,"2026-03-17T04:16:55.919770Z"
16497,"1","Clustered","2026-03-17T04:16:57.111647Z",503913,"/data/local-files/?d=Users%5CKyle%5CMonocyte_with_RBC%5Ctile_x001_y001_cell_0092_slide1_5.png",0.998,"2026-03-17T04:16:57.111647Z"
16498,"1","1","2026-03-17T04:16:58.393700Z",503914,"/data/local-files/?d=Users%5CKyle%5CMonocyte_with_RBC%5Ctile_x001_y001_cell_0096_slide1_6.png",1.097,"2026-03-17T04:16:58.393700Z"
16499,"1","Clustered","2026-03-17T04:16:59.554139Z",503915,"/data/local-files/?d=Users%5CKyle%5CMonocyte_with_RBC%5Ctile_x001_y001_cell_0110_slide1_6.png",0.97,"2026-03-17T04:16:59.554139Z"
16500,"1","Clustered","2026-03-17T04:17:00.800293Z",503916,"/data/local-files/?d=Users%5CKyle%5CMonocyte_with_RBC%5Ctile_x001_y001_cell_0111_slide1_5.png",1.06,"2026-03-17T04:17:00.800293Z"
16501,"1","1","2026-03-17T04:17:02.577995Z",503917,"/data/local-files/?d=Users%5CKyle%5CMonocyte_with_RBC%5Ctile_x001_y001_cell_0116_slide1_5.png",1.582,"2026-03-17T04:17:02.577995Z"
16502,"1","Clustered","2026-03-17T04:17:05.306197Z",503918,"/data/local-files/?d=Users%5CKyle%5CMonocyte_with_RBC%5Ctile_x001_y001_cell_0126_slide1_5.png",2.532,"2026-03-17T04:17:05.306197Z"
16503,"1","Clustered","2026-03-17T04:17:06.442646Z",503919,"/data/local-files/?d=Users%5CKyle%5CMonocyte_with_RBC%5Ctile_x001_y001_cell_0130_slide1_5.png",0.945,"2026-03-17T04:17:06.442646Z"
16504,"1","2","2026-03-17T04:17:08.104406Z",503920,"/data/local-files/?d=Users%5CKyle%5CMonocyte_with_RBC%5Ctile_x001_y001_cell_0141_slide1_5.png",1.475,"2026-03-17T04:17:08.104406Z"
16505,"1","Clustered","2026-03-17T04:17:09.369443Z",503921,"/data/local-files/?d=Users%5CKyle%5CMonocyte_with_RBC%5Ctile_x001_y001_cell_0142_slide1_5.png",1.071,"2026-03-17T04:17:09.369443Z"
16506,"1","Clustered","2026-03-17T04:17:10.823208Z",503922,"/data/local-files/?d=Users%5CKyle%5CMonocyte_with_RBC%5Ctile_x001_y001_cell_0155_slide1_4.png",1.269,"2026-03-17T04:17:10.823208Z"
16507,"1","1","2026-03-17T04:17:12.481061Z",503923,"/data/local-files/?d=Users%5CKyle%5CMonocyte_with_RBC%5Ctile_x001_y001_cell_0160_slide1_5.png",1.477,"2026-03-17T04:17:12.481061Z"
16508,"1","1","2026-03-17T04:17:13.604116Z",503924,"/data/local-files/?d=Users%5CKyle%5CMonocyte_with_RBC%5Ctile_x001_y001_cell_0169_slide1_4.png",0.89,"2026-03-17T04:17:13.604116Z"
16509,"1","Clustered","2026-03-17T04:17:15.103903Z",503925,"/data/local-files/?d=Users%5CKyle%5CMonocyte_with_RBC%5Ctile_x001_y001_cell_0171_slide1_6.png",1.285,"2026-03-17T04:17:15.103903Z"
16510,"1","Clustered","2026-03-17T04:17:16.231047Z",503926,"/data/local-files/?d=Users%5CKyle%5CMonocyte_with_RBC%5Ctile_x001_y001_cell_0175_slide1_6.png",0.918,"2026-03-17T04:17:16.231047Z"
16511,"1","Clustered","2026-03-17T04:17:17.882557Z",503927,"/data/local-files/?d=Users%5CKyle%5CMonocyte_with_RBC%5Ctile_x001_y001_cell_0186_slide1_6.png",1.423,"2026-03-17T04:17:17.882557Z"
16512,"1","Clustered","2026-03-17T04:17:19.640115Z",503928,"/data/local-files/?d=Users%5CKyle%5CMonocyte_with_RBC%5Ctile_x001_y001_cell_0189_slide1_6.png",1.572,"2026-03-17T04:17:19.640115Z"
16513,"1","Clustered","2026-03-17T04:17:21.037558Z",503929,"/data/local-files/?d=Users%5CKyle%5CMonocyte_with_RBC%5Ctile_x001_y001_cell_0190_slide1_5.png",0.893,"2026-03-17T04:17:21.037558Z"
16514,"1","1","2026-03-17T04:17:22.555539Z",503930,"/data/local-files/?d=Users%5CKyle%5CMonocyte_with_RBC%5Ctile_x001_y001_cell_0190_slide1_6.png",1.33,"2026-03-17T04:17:22.555539Z"
16515,"1","Clustered","2026-03-17T04:17:24.680148Z",503931,"/data/local-files/?d=Users%5CKyle%5CMonocyte_with_RBC%5Ctile_x001_y001_cell_0191_slide1_6.png",1.623,"2026-03-17T04:17:24.680148Z"
16516,"1","Clustered","2026-03-17T04:17:25.976974Z",503932,"/data/local-files/?d=Users%5CKyle%5CMonocyte_with_RBC%5Ctile_x001_y001_cell_0192_slide1_6.png",1.1,"2026-03-17T04:17:25.976974Z"
16517,"1","3","2026-03-17T04:17:27.919802Z",503933,"/data/local-files/?d=Users%5CKyle%5CMonocyte_with_RBC%5Ctile_x001_y001_cell_0198_slide1_6.png",1.763,"2026-03-17T04:17:27.919802Z"
16518,"1","Clustered","2026-03-17T04:17:31.116287Z",503934,"/data/local-files/?d=Users%5CKyle%5CMonocyte_with_RBC%5Ctile_x001_y001_cell_0227_slide1_5.png",2.687,"2026-03-17T04:17:31.116287Z"
16519,"1","Clustered","2026-03-17T04:17:32.432826Z",503935,"/data/local-files/?d=Users%5CKyle%5CMonocyte_with_RBC%5Ctile_x001_y001_cell_0234_slide1_5.png",1.144,"2026-03-17T04:17:32.432826Z"
16520,"1","Clustered","2026-03-17T04:17:33.577278Z",503936,"/data/local-files/?d=Users%5CKyle%5CMonocyte_with_RBC%5Ctile_x001_y001_cell_0237_slide1_5.png",0.956,"2026-03-17T04:17:33.577278Z"
16521,"1","Clustered","2026-03-17T04:17:34.601717Z",503937,"/data/local-files/?d=Users%5CKyle%5CMonocyte_with_RBC%5Ctile_x001_y001_cell_0240_slide1_5.png",0.85,"2026-03-17T04:17:34.601717Z"
16522,"1","Clustered","2026-03-17T04:17:35.901601Z",503938,"/data/local-files/?d=Users%5CKyle%5CMonocyte_with_RBC%5Ctile_x001_y001_cell_0241_slide1_5.png",0.795,"2026-03-17T04:17:35.901601Z"
16523,"1","Clustered","2026-03-17T04:17:36.948445Z",503939,"/data/local-files/?d=Users%5CKyle%5CMonocyte_with_RBC%5Ctile_x001_y001_cell_0242_slide1_5.png",0.872,"2026-03-17T04:17:36.948445Z"
16524,"1","2","2026-03-17T04:17:38.771507Z",503940,"/data/local-files/?d=Users%5CKyle%5CMonocyte_with_RBC%5Ctile_x001_y001_cell_0243_slide1_5.png",1.633,"2026-03-17T04:17:38.771507Z"
16525,"1","2","2026-03-17T04:17:41.456443Z",503941,"/data/local-files/?d=Users%5CKyle%5CMonocyte_with_RBC%5Ctile_x001_y001_cell_0244_slide1_5.png",2.192,"2026-03-17T04:17:41.456443Z"
16526,"1","Clustered","2026-03-17T04:17:44.365105Z",503942,"/data/local-files/?d=Users%5CKyle%5CMonocyte_with_RBC%5Ctile_x001_y001_cell_0245_slide1_5.png",2.717,"2026-03-17T04:17:44.365105Z"
16527,"1","Clustered","2026-03-17T04:17:46.202397Z",503943,"/data/local-files/?d=Users%5CKyle%5CMonocyte_with_RBC%5Ctile_x001_y001_cell_0257_slide1_5.png",1.339,"2026-03-17T04:17:46.202397Z"
16528,"1","Clustered","2026-03-17T04:17:47.526213Z",503944,"/data/local-files/?d=Users%5CKyle%5CMonocyte_with_RBC%5Ctile_x001_y001_cell_0262_slide1_5.png",1.133,"2026-03-17T04:17:47.526213Z"
16529,"1","Clustered","2026-03-17T04:17:48.970434Z",503945,"/data/local-files/?d=Users%5CKyle%5CMonocyte_with_RBC%5Ctile_x001_y001_cell_0263_slide1_5.png",0.954,"2026-03-17T04:17:48.970434Z"
16530,"1","2","2026-03-17T04:17:51.152585Z",503946,"/data/local-files/?d=Users%5CKyle%5CMonocyte_with_RBC%5Ctile_x001_y001_cell_0264_slide1_5.png",1.988,"2026-03-17T04:17:51.152585Z"
16531,"1","Clustered","2026-03-17T04:17:52.418962Z",503947,"/data/local-files/?d=Users%5CKyle%5CMonocyte_with_RBC%5Ctile_x001_y001_cell_0265_slide1_5.png",1.086,"2026-03-17T04:17:52.418962Z"
16532,"1","Clustered","2026-03-17T04:17:53.950529Z",503948,"/data/local-files/?d=Users%5CKyle%5CMonocyte_with_RBC%5Ctile_x001_y001_cell_0267_slide1_5.png",1.0,"2026-03-17T04:17:53.950529Z"
16533,"1","Clustered","2026-03-17T04:17:54.946683Z",503949,"/data/local-files/?d=Users%5CKyle%5CMonocyte_with_RBC%5Ctile_x001_y001_cell_0276_slide1_5.png",0.821,"2026-03-17T04:17:54.946683Z"
16534,"1","1","2026-03-17T04:17:56.726339Z",503950,"/data/local-files/?d=Users%5CKyle%5CMonocyte_with_RBC%5Ctile_x001_y001_cell_0278_slide1_5.png",1.586,"2026-03-17T04:17:56.726339Z"
16535,"1","Clustered","2026-03-17T04:17:57.768507Z",503951,"/data/local-files/?d=Users%5CKyle%5CMonocyte_with_RBC%5Ctile_x001_y001_cell_0290_slide1_5.png",0.85,"2026-03-17T04:17:57.768507Z"
16536,"1","Clustered","2026-03-17T04:17:58.979077Z",503952,"/data/local-files/?d=Users%5CKyle%5CMonocyte_with_RBC%5Ctile_x001_y001_cell_0302_slide1_5.png",1.039,"2026-03-17T04:17:58.979077Z"
16537,"1","Clustered","2026-03-17T04:18:00.617370Z",503953,"/data/local-files/?d=Users%5CKyle%5CMonocyte_with_RBC%5Ctile_x001_y001_cell_0311_slide1_5.png",1.135,"2026-03-17T04:18:00.617370Z"
16538,"1","Clustered","2026-03-17T04:18:01.867528Z",503954,"/data/local-files/?d=Users%5CKyle%5CMonocyte_with_RBC%5Ctile_x001_y001_cell_0312_slide1_5.png",1.07,"2026-03-17T04:18:01.867528Z"
16539,"1","Clustered","2026-03-17T04:18:03.138898Z",503955,"/data/local-files/?d=Users%5CKyle%5CMonocyte_with_RBC%5Ctile_x001_y001_cell_0314_slide1_5.png",1.085,"2026-03-17T04:18:03.138898Z"
16540,"1","1","2026-03-17T04:18:04.545922Z",503956,"/data/local-files/?d=Users%5CKyle%5CMonocyte_with_RBC%5Ctile_x001_y001_cell_0316_slide1_5.png",1.603,"2026-03-17T04:18:06.671201Z"
16541,"1","Clustered","2026-03-17T04:18:10.643535Z",503957,"/data/local-files/?d=Users%5CKyle%5CMonocyte_with_RBC%5Ctile_x001_y001_cell_0326_slide1_5.png",1.371,"2026-03-17T04:18:10.643535Z"
16542,"1","Clustered","2026-03-17T04:18:12.493724Z",503958,"/data/local-files/?d=Users%5CKyle%5CMonocyte_with_RBC%5Ctile_x001_y001_cell_0327_slide1_5.png",1.676,"2026-03-17T04:18:12.493724Z"
16543,"1","Clustered","2026-03-17T04:18:14.015627Z",503959,"/data/local-files/?d=Users%5CKyle%5CMonocyte_with_RBC%5Ctile_x001_y001_cell_0330_slide1_5.png",1.027,"2026-03-17T04:18:14.015627Z"
16544,"1","Clustered","2026-03-17T04:18:15.163813Z",503960,"/data/local-files/?d=Users%5CKyle%5CMonocyte_with_RBC%5Ctile_x001_y001_cell_0331_slide1_5.png",0.972,"2026-03-17T04:18:15.163813Z"
16545,"1","2","2026-03-17T04:18:17.515740Z",503961,"/data/local-files/?d=Users%5CKyle%5CMonocyte_with_RBC%5Ctile_x001_y001_cell_0343_slide1_5.png",2.811,"2026-03-17T04:18:19.972443Z"
16546,"1","1","2026-03-17T04:18:22.018945Z",503962,"/data/local-files/?d=Users%5CKyle%5CMonocyte_with_RBC%5Ctile_x001_y002_cell_0001_slide3_5.png",1.088,"2026-03-17T04:18:22.018945Z"
16547,"1","2","2026-03-17T04:18:23.733324Z",503963,"/data/local-files/?d=Users%5CKyle%5CMonocyte_with_RBC%5Ctile_x001_y002_cell_0001_slide3_7.png",1.521,"2026-03-17T04:18:23.733324Z"
16548,"1","1","2026-03-17T04:18:25.388099Z",503964,"/data/local-files/?d=Users%5CKyle%5CMonocyte_with_RBC%5Ctile_x001_y002_cell_0001_slide3_8.png",1.471,"2026-03-17T04:18:25.388099Z"
16549,"1","Clustered","2026-03-17T04:18:29.704463Z",503965,"/data/local-files/?d=Users%5CKyle%5CMonocyte_with_RBC%5Ctile_x001_y002_cell_0002_slide3_7.png",3.807,"2026-03-17T04:18:29.704463Z"
16550,"1","2","2026-03-17T04:18:31.312400Z",503966,"/data/local-files/?d=Users%5CKyle%5CMonocyte_with_RBC%5Ctile_x001_y002_cell_0003_slide3_7.png",1.421,"2026-03-17T04:18:31.312400Z"
16551,"1","1","2026-03-17T04:18:33.255034Z",503967,"/data/local-files/?d=Users%5CKyle%5CMonocyte_with_RBC%5Ctile_x001_y002_cell_0004_slide2_1.png",1.433,"2026-03-17T04:18:33.255034Z"
16552,"1","Clustered","2026-03-17T04:18:34.538875Z",503968,"/data/local-files/?d=Users%5CKyle%5CMonocyte_with_RBC%5Ctile_x001_y002_cell_0004_slide2_2.png",1.086,"2026-03-17T04:18:34.538875Z"
16553,"1","1","2026-03-17T04:18:37.501446Z",503969,"/data/local-files/?d=Users%5CKyle%5CMonocyte_with_RBC%5Ctile_x001_y002_cell_0005_slide1_5.png",2.462,"2026-03-17T04:18:37.501446Z"
16554,"1","2","2026-03-17T04:18:38.724459Z",503970,"/data/local-files/?d=Users%5CKyle%5CMonocyte_with_RBC%5Ctile_x001_y002_cell_0005_slide1_6.png",1.039,"2026-03-17T04:18:38.724459Z"
16555,"1","1","2026-03-17T04:18:40.114067Z",503971,"/data/local-files/?d=Users%5CKyle%5CMonocyte_with_RBC%5Ctile_x001_y002_cell_0005_slide3_7.png",0.886,"2026-03-17T04:18:40.115067Z"
16556,"1","1","2026-03-17T04:18:41.070000Z",503972,"/data/local-files/?d=Users%5CKyle%5CMonocyte_with_RBC%5Ctile_x001_y002_cell_0006_slide3_7.png",0.778,"2026-03-17T04:18:41.070000Z"
16557,"1","Clustered","2026-03-17T04:18:43.020693Z",503973,"/data/local-files/?d=Users%5CKyle%5CMonocyte_with_RBC%5Ctile_x001_y002_cell_0007_slide1_6.png",1.452,"2026-03-17T04:18:43.020693Z"
16558,"1","2","2026-03-17T04:18:44.367078Z",503974,"/data/local-files/?d=Users%5CKyle%5CMonocyte_with_RBC%5Ctile_x001_y002_cell_0007_slide3_7.png",1.126,"2026-03-17T04:18:44.367078Z"
16559,"1","Clustered","2026-03-17T04:18:46.279434Z",503975,"/data/local-files/?d=Users%5CKyle%5CMonocyte_with_RBC%5Ctile_x001_y002_cell_0008_slide1_3.png",1.404,"2026-03-17T04:18:46.279434Z"
16560,"1","1","2026-03-17T04:18:47.550620Z",503976,"/data/local-files/?d=Users%5CKyle%5CMonocyte_with_RBC%5Ctile_x001_y002_cell_0009_slide1_6.png",1.088,"2026-03-17T04:18:47.550620Z"
16561,"1","Clustered","2026-03-17T04:18:52.391757Z",503977,"/data/local-files/?d=Users%5CKyle%5CMonocyte_with_RBC%5Ctile_x001_y002_cell_0010_slide1_5.png",4.336,"2026-03-17T04:18:52.391757Z"
16562,"1","Clustered","2026-03-17T04:18:53.539766Z",503978,"/data/local-files/?d=Users%5CKyle%5CMonocyte_with_RBC%5Ctile_x001_y002_cell_0011_slide1_7.png",0.966,"2026-03-17T04:18:53.539766Z"
16563,"1","1","2026-03-17T04:18:55.215222Z",503979,"/data/local-files/?d=Users%5CKyle%5CMonocyte_with_RBC%5Ctile_x001_y002_cell_0012_slide1_1.png",1.171,"2026-03-17T04:18:55.215222Z"
16564,"1","1","2026-03-17T04:18:56.477516Z",503980,"/data/local-files/?d=Users%5CKyle%5CMonocyte_with_RBC%5Ctile_x001_y002_cell_0012_slide3_7.png",1.081,"2026-03-17T04:18:56.477516Z"
16565,"1","2","2026-03-17T04:18:58.026685Z",503981,"/data/local-files/?d=Users%5CKyle%5CMonocyte_with_RBC%5Ctile_x001_y002_cell_0013_slide3_7.png",1.051,"2026-03-17T04:18:58.026685Z"
16566,"1","1","2026-03-17T04:18:59.150930Z",503982,"/data/local-files/?d=Users%5CKyle%5CMonocyte_with_RBC%5Ctile_x001_y002_cell_0014_slide1_1.png",0.912,"2026-03-17T04:18:59.151928Z"
16567,"1","1","2026-03-17T04:19:00.205315Z",503983,"/data/local-files/?d=Users%5CKyle%5CMonocyte_with_RBC%5Ctile_x001_y002_cell_0015_slide1_2.png",0.881,"2026-03-17T04:19:00.205315Z"
16568,"1","2","2026-03-17T04:19:01.950829Z",503984,"/data/local-files/?d=Users%5CKyle%5CMonocyte_with_RBC%5Ctile_x001_y002_cell_0016_slide3_7.png",1.241,"2026-03-17T04:19:01.950829Z"
16569,"1","Clustered","2026-03-17T04:19:03.241178Z",503985,"/data/local-files/?d=Users%5CKyle%5CMonocyte_with_RBC%5Ctile_x001_y002_cell_0017_slide1_3.png",1.092,"2026-03-17T04:19:03.241178Z"
16570,"1","3","2026-03-17T04:19:05.233248Z",503986,"/data/local-files/?d=Users%5CKyle%5CMonocyte_with_RBC%5Ctile_x001_y002_cell_0017_slide1_5.png",1.503,"2026-03-17T04:19:05.233248Z"
16571,"1","2","2026-03-17T04:19:07.470821Z",503987,"/data/local-files/?d=Users%5CKyle%5CMonocyte_with_RBC%5Ctile_x001_y002_cell_0017_slide2_3.png",2.044,"2026-03-17T04:19:07.470821Z"
16572,"1","1","2026-03-17T04:19:09.035041Z",503988,"/data/local-files/?d=Users%5CKyle%5CMonocyte_with_RBC%5Ctile_x001_y002_cell_0017_slide3_7.png",1.054,"2026-03-17T04:19:09.035041Z"
16573,"1","2","2026-03-17T04:19:10.261372Z",503989,"/data/local-files/?d=Users%5CKyle%5CMonocyte_with_RBC%5Ctile_x001_y002_cell_0019_slide1_7.png",1.046,"2026-03-17T04:19:10.261372Z"
16574,"1","Clustered","2026-03-17T04:19:11.405385Z",503990,"/data/local-files/?d=Users%5CKyle%5CMonocyte_with_RBC%5Ctile_x001_y002_cell_0021_slide1_5.png",3.4909999999999997,"2026-03-17T04:19:16.034076Z"
16575,"1","1","2026-03-17T04:19:17.947340Z",503991,"/data/local-files/?d=Users%5CKyle%5CMonocyte_with_RBC%5Ctile_x001_y002_cell_0023_slide1_2.png",1.053,"2026-03-17T04:19:17.947340Z"
16576,"1","1","2026-03-17T04:19:19.133887Z",503992,"/data/local-files/?d=Users%5CKyle%5CMonocyte_with_RBC%5Ctile_x001_y002_cell_0023_slide1_7.png",1.015,"2026-03-17T04:19:19.133887Z"
16577,"1","Clustered","2026-03-17T04:19:21.709833Z",503993,"/data/local-files/?d=Users%5CKyle%5CMonocyte_with_RBC%5Ctile_x001_y002_cell_0025_slide1_5.png",3.2560000000000002,"2026-03-17T04:19:23.880865Z"
16578,"1","Clustered","2026-03-17T04:19:26.403526Z",503994,"/data/local-files/?d=Users%5CKyle%5CMonocyte_with_RBC%5Ctile_x001_y002_cell_0029_slide1_7.png",1.707,"2026-03-17T04:19:26.403526Z"
16579,"1","1","2026-03-17T04:19:28.458401Z",503995,"/data/local-files/?d=Users%5CKyle%5CMonocyte_with_RBC%5Ctile_x001_y002_cell_0030_slide1_5.png",1.521,"2026-03-17T04:19:28.458401Z"
16580,"1","Clustered","2026-03-17T04:19:30.183540Z",503996,"/data/local-files/?d=Users%5CKyle%5CMonocyte_with_RBC%5Ctile_x001_y002_cell_0031_slide1_5.png",1.49,"2026-03-17T04:19:30.183540Z"
16581,"1","Clustered","2026-03-17T04:19:32.041715Z",503997,"/data/local-files/?d=Users%5CKyle%5CMonocyte_with_RBC%5Ctile_x001_y002_cell_0032_slide1_2.png",1.312,"2026-03-17T04:19:32.041715Z"
16582,"1","Clustered","2026-03-17T04:19:34.204867Z",503998,"/data/local-files/?d=Users%5CKyle%5CMonocyte_with_RBC%5Ctile_x001_y002_cell_0032_slide1_5.png",1.918,"2026-03-17T04:19:34.204867Z"
16583,"1","1","2026-03-17T04:19:37.023426Z",503999,"/data/local-files/?d=Users%5CKyle%5CMonocyte_with_RBC%5Ctile_x001_y002_cell_0034_slide1_3.png",2.276,"2026-03-17T04:19:37.023426Z"
16584,"1","1","2026-03-17T04:19:38.229303Z",504000,"/data/local-files/?d=Users%5CKyle%5CMonocyte_with_RBC%5Ctile_x001_y002_cell_0035_slide1_2.png",0.98,"2026-03-17T04:19:38.229303Z"
16585,"1","1","2026-03-17T04:19:39.195747Z",504001,"/data/local-files/?d=Users%5CKyle%5CMonocyte_with_RBC%5Ctile_x001_y002_cell_0035_slide1_7.png",0.732,"2026-03-17T04:19:39.195747Z"
16586,"1","Clustered","2026-03-17T04:19:41.106876Z",504002,"/data/local-files/?d=Users%5CKyle%5CMonocyte_with_RBC%5Ctile_x001_y002_cell_0038_slide1_2.png",1.363,"2026-03-17T04:19:41.106876Z"
16587,"1","1","2026-03-17T04:19:42.309128Z",504003,"/data/local-files/?d=Users%5CKyle%5CMonocyte_with_RBC%5Ctile_x001_y002_cell_0038_slide1_8.png",0.984,"2026-03-17T04:19:42.309128Z"
16588,"1","1","2026-03-17T04:19:43.469555Z",504004,"/data/local-files/?d=Users%5CKyle%5CMonocyte_with_RBC%5Ctile_x001_y002_cell_0040_slide1_2.png",0.923,"2026-03-17T04:19:43.469555Z"
16589,"1","3","2026-03-17T04:19:45.615508Z",504005,"/data/local-files/?d=Users%5CKyle%5CMonocyte_with_RBC%5Ctile_x001_y002_cell_0041_slide1_5.png",1.619,"2026-03-17T04:19:45.615508Z"
16590,"1","1","2026-03-17T04:19:46.799642Z",504006,"/data/local-files/?d=Users%5CKyle%5CMonocyte_with_RBC%5Ctile_x001_y002_cell_0042_slide1_6.png",0.987,"2026-03-17T04:19:46.799642Z"
16591,"1","Clustered","2026-03-17T04:19:48.769460Z",504007,"/data/local-files/?d=Users%5CKyle%5CMonocyte_with_RBC%5Ctile_x001_y002_cell_0044_slide1_2.png",1.472,"2026-03-17T04:19:48.769460Z"
16592,"1","1","2026-03-17T04:19:50.312433Z",504008,"/data/local-files/?d=Users%5CKyle%5CMonocyte_with_RBC%5Ctile_x001_y002_cell_0048_slide1_2.png",1.272,"2026-03-17T04:19:50.312433Z"
16593,"1","1","2026-03-17T04:19:51.668543Z",504009,"/data/local-files/?d=Users%5CKyle%5CMonocyte_with_RBC%5Ctile_x001_y002_cell_0056_slide1_3.png",0.871,"2026-03-17T04:19:51.668543Z"
16594,"1","0","2026-03-17T04:19:55.666401Z",504010,"/data/local-files/?d=Users%5CKyle%5CMonocyte_with_RBC%5Ctile_x001_y002_cell_0056_slide1_4.png",3.804,"2026-03-17T04:19:55.666401Z"
16595,"1","2","2026-03-17T04:19:57.195267Z",504011,"/data/local-files/?d=Users%5CKyle%5CMonocyte_with_RBC%5Ctile_x001_y002_cell_0057_slide1_5.png",1.037,"2026-03-17T04:19:57.195267Z"
16596,"1","2","2026-03-17T04:19:58.889377Z",504012,"/data/local-files/?d=Users%5CKyle%5CMonocyte_with_RBC%5Ctile_x001_y002_cell_0058_slide1_5.png",1.502,"2026-03-17T04:19:58.889377Z"
16597,"1","1","2026-03-17T04:20:00.440373Z",504013,"/data/local-files/?d=Users%5CKyle%5CMonocyte_with_RBC%5Ctile_x001_y002_cell_0059_slide1_8.png",1.057,"2026-03-17T04:20:00.440373Z"
16598,"1","2","2026-03-17T04:20:02.039977Z",504014,"/data/local-files/?d=Users%5CKyle%5CMonocyte_with_RBC%5Ctile_x001_y002_cell_0060_slide1_2.png",1.405,"2026-03-17T04:20:02.039977Z"
16599,"1","2","2026-03-17T04:20:03.616091Z",504015,"/data/local-files/?d=Users%5CKyle%5CMonocyte_with_RBC%5Ctile_x001_y002_cell_0060_slide1_5.png",1.065,"2026-03-17T04:20:03.616091Z"
16600,"1","Clustered","2026-03-17T04:20:05.280840Z",504016,"/data/local-files/?d=Users%5CKyle%5CMonocyte_with_RBC%5Ctile_x001_y002_cell_0062_slide1_5.png",1.482,"2026-03-17T04:20:05.280840Z"
16601,"1","0","2026-03-17T04:20:07.934520Z",504017,"/data/local-files/?d=Users%5CKyle%5CMonocyte_with_RBC%5Ctile_x001_y002_cell_0066_slide1_8.png",2.151,"2026-03-17T04:20:07.934520Z"
16602,"1","0","2026-03-17T04:20:09.421061Z",504018,"/data/local-files/?d=Users%5CKyle%5CMonocyte_with_RBC%5Ctile_x001_y002_cell_0067_slide2_6.png",1.301,"2026-03-17T04:20:09.421061Z"
16603,"1","Clustered","2026-03-17T04:20:11.601533Z",504019,"/data/local-files/?d=Users%5CKyle%5CMonocyte_with_RBC%5Ctile_x001_y002_cell_0070_slide1_5.png",1.634,"2026-03-17T04:20:11.601533Z"
16604,"1","3","2026-03-17T04:20:15.037890Z",504020,"/data/local-files/?d=Users%5CKyle%5CMonocyte_with_RBC%5Ctile_x001_y002_cell_0071_slide1_5.png",3.252,"2026-03-17T04:20:15.037890Z"
16605,"1","Clustered","2026-03-17T04:20:18.542507Z",504021,"/data/local-files/?d=Users%5CKyle%5CMonocyte_with_RBC%5Ctile_x001_y002_cell_0075_slide1_3.png",3.088,"2026-03-17T04:20:18.542507Z"
16606,"1","0","2026-03-17T04:20:20.972088Z",504022,"/data/local-files/?d=Users%5CKyle%5CMonocyte_with_RBC%5Ctile_x001_y002_cell_0084_slide1_3.png",2.246,"2026-03-17T04:20:20.973088Z"
16607,"1","1","2026-03-17T04:20:22.431209Z",504023,"/data/local-files/?d=Users%5CKyle%5CMonocyte_with_RBC%5Ctile_x001_y002_cell_0088_slide1_6.png",1.252,"2026-03-17T04:20:22.431209Z"
16608,"1","1","2026-03-17T04:20:23.890031Z",504024,"/data/local-files/?d=Users%5CKyle%5CMonocyte_with_RBC%5Ctile_x001_y002_cell_0091_slide1_3.png",0.961,"2026-03-17T04:20:23.890031Z"
16609,"1","Clustered","2026-03-17T04:20:25.690407Z",504025,"/data/local-files/?d=Users%5CKyle%5CMonocyte_with_RBC%5Ctile_x001_y002_cell_0097_slide1_2.png",1.604,"2026-03-17T04:20:25.690407Z"
16610,"1","Clustered","2026-03-17T04:20:27.370420Z",504026,"/data/local-files/?d=Users%5CKyle%5CMonocyte_with_RBC%5Ctile_x001_y002_cell_0100_slide1_3.png",1.19,"2026-03-17T04:20:27.370420Z"
16611,"1","2","2026-03-17T04:20:29.867647Z",504027,"/data/local-files/?d=Users%5CKyle%5CMonocyte_with_RBC%5Ctile_x001_y002_cell_0101_slide1_5.png",2.296,"2026-03-17T04:20:29.867647Z"
16612,"1","1","2026-03-17T04:20:31.232157Z",504028,"/data/local-files/?d=Users%5CKyle%5CMonocyte_with_RBC%5Ctile_x001_y002_cell_0114_slide1_5.png",0.862,"2026-03-17T04:20:31.232157Z"
16613,"1","1","2026-03-17T04:20:32.297793Z",504029,"/data/local-files/?d=Users%5CKyle%5CMonocyte_with_RBC%5Ctile_x001_y002_cell_0127_slide1_3.png",0.871,"2026-03-17T04:20:32.297793Z"
16614,"1","1","2026-03-17T04:20:33.608248Z",504030,"/data/local-files/?d=Users%5CKyle%5CMonocyte_with_RBC%5Ctile_x001_y002_cell_0128_slide1_3.png",0.816,"2026-03-17T04:20:33.608248Z"
16615,"1","3","2026-03-17T04:20:35.431501Z",504031,"/data/local-files/?d=Users%5CKyle%5CMonocyte_with_RBC%5Ctile_x001_y002_cell_0131_slide1_2.png",1.626,"2026-03-17T04:20:35.431501Z"
16616,"1","1","2026-03-17T04:20:37.259038Z",504032,"/data/local-files/?d=Users%5CKyle%5CMonocyte_with_RBC%5Ctile_x001_y002_cell_0133_slide1_2.png",1.334,"2026-03-17T04:20:37.259038Z"
16617,"1","1","2026-03-17T04:20:38.204229Z",504033,"/data/local-files/?d=Users%5CKyle%5CMonocyte_with_RBC%5Ctile_x001_y002_cell_0134_slide1_3.png",0.746,"2026-03-17T04:20:38.204229Z"
16618,"1","2","2026-03-17T04:20:39.748648Z",504034,"/data/local-files/?d=Users%5CKyle%5CMonocyte_with_RBC%5Ctile_x001_y002_cell_0139_slide1_2.png",1.36,"2026-03-17T04:20:39.748648Z"
16619,"1","2","2026-03-17T04:20:40.989806Z",504035,"/data/local-files/?d=Users%5CKyle%5CMonocyte_with_RBC%5Ctile_x001_y002_cell_0146_slide1_5.png",1.046,"2026-03-17T04:20:40.989806Z"
16620,"1","1","2026-03-17T04:20:42.743515Z",504036,"/data/local-files/?d=Users%5CKyle%5CMonocyte_with_RBC%5Ctile_x001_y002_cell_0150_slide1_5.png",1.268,"2026-03-17T04:20:42.743515Z"
16621,"1","3","2026-03-17T04:20:44.252376Z",504037,"/data/local-files/?d=Users%5CKyle%5CMonocyte_with_RBC%5Ctile_x001_y002_cell_0164_slide1_5.png",1.308,"2026-03-17T04:20:44.252376Z"
16622,"1","Clustered","2026-03-17T04:20:46.664093Z",504038,"/data/local-files/?d=Users%5CKyle%5CMonocyte_with_RBC%5Ctile_x001_y002_cell_0173_slide1_5.png",1.913,"2026-03-17T04:20:46.664093Z"
16623,"1","1","2026-03-17T04:20:47.889665Z",504039,"/data/local-files/?d=Users%5CKyle%5CMonocyte_with_RBC%5Ctile_x001_y002_cell_0174_slide1_2.png",1.03,"2026-03-17T04:20:47.889665Z"
16624,"1","1","2026-03-17T04:20:49.577072Z",504040,"/data/local-files/?d=Users%5CKyle%5CMonocyte_with_RBC%5Ctile_x001_y002_cell_0185_slide1_6.png",1.198,"2026-03-17T04:20:49.577072Z"
16625,"1","1","2026-03-17T04:20:50.713733Z",504041,"/data/local-files/?d=Users%5CKyle%5CMonocyte_with_RBC%5Ctile_x001_y002_cell_0190_slide1_5.png",0.938,"2026-03-17T04:20:50.713733Z"
16626,"1","2","2026-03-17T04:20:52.781647Z",504042,"/data/local-files/?d=Users%5CKyle%5CMonocyte_with_RBC%5Ctile_x001_y002_cell_0195_slide1_2.png",1.585,"2026-03-17T04:20:52.781647Z"
16627,"1","1","2026-03-17T04:20:53.925461Z",504043,"/data/local-files/?d=Users%5CKyle%5CMonocyte_with_RBC%5Ctile_x001_y002_cell_0200_slide1_5.png",0.944,"2026-03-17T04:20:53.925461Z"
16628,"1","1","2026-03-17T04:20:55.536153Z",504044,"/data/local-files/?d=Users%5CKyle%5CMonocyte_with_RBC%5Ctile_x001_y002_cell_0203_slide1_2.png",1.12,"2026-03-17T04:20:55.536153Z"
16629,"1","3","2026-03-17T04:20:57.341931Z",504045,"/data/local-files/?d=Users%5CKyle%5CMonocyte_with_RBC%5Ctile_x001_y002_cell_0207_slide1_2.png",1.604,"2026-03-17T04:20:57.341931Z"
16630,"1","1","2026-03-17T04:20:59.213078Z",504046,"/data/local-files/?d=Users%5CKyle%5CMonocyte_with_RBC%5Ctile_x001_y002_cell_0212_slide1_2.png",1.513,"2026-03-17T04:20:59.213078Z"
16631,"1","Clustered","2026-03-17T04:21:01.652307Z",504047,"/data/local-files/?d=Users%5CKyle%5CMonocyte_with_RBC%5Ctile_x001_y002_cell_0216_slide1_2.png",2.234,"2026-03-17T04:21:01.652307Z"
16632,"1","Clustered","2026-03-17T04:21:03.972823Z",504048,"/data/local-files/?d=Users%5CKyle%5CMonocyte_with_RBC%5Ctile_x001_y002_cell_0230_slide1_5.png",2.131,"2026-03-17T04:21:03.972823Z"
16633,"1","Clustered","2026-03-17T04:21:05.656512Z",504049,"/data/local-files/?d=Users%5CKyle%5CMonocyte_with_RBC%5Ctile_x001_y002_cell_0231_slide1_2.png",1.174,"2026-03-17T04:21:05.656512Z"
16634,"1","2","2026-03-17T04:21:07.003520Z",504050,"/data/local-files/?d=Users%5CKyle%5CMonocyte_with_RBC%5Ctile_x001_y002_cell_0232_slide1_6.png",1.158,"2026-03-17T04:21:07.003520Z"
16635,"1","1","2026-03-17T04:21:08.445359Z",504051,"/data/local-files/?d=Users%5CKyle%5CMonocyte_with_RBC%5Ctile_x001_y002_cell_0234_slide1_6.png",0.923,"2026-03-17T04:21:08.445359Z"
16636,"1","2","2026-03-17T04:21:09.814297Z",504052,"/data/local-files/?d=Users%5CKyle%5CMonocyte_with_RBC%5Ctile_x001_y002_cell_0235_slide1_6.png",1.191,"2026-03-17T04:21:09.814297Z"
16637,"1","Clustered","2026-03-17T04:21:11.901658Z",504053,"/data/local-files/?d=Users%5CKyle%5CMonocyte_with_RBC%5Ctile_x001_y002_cell_0251_slide1_2.png",1.583,"2026-03-17T04:21:11.901658Z"
16638,"1","1","2026-03-17T04:21:12.997102Z",504054,"/data/local-files/?d=Users%5CKyle%5CMonocyte_with_RBC%5Ctile_x001_y002_cell_0254_slide1_6.png",0.911,"2026-03-17T04:21:12.997102Z"
16639,"1","1","2026-03-17T04:21:14.642956Z",504055,"/data/local-files/?d=Users%5CKyle%5CMonocyte_with_RBC%5Ctile_x001_y002_cell_0255_slide1_6.png",1.143,"2026-03-17T04:21:14.642956Z"
16640,"1","1","2026-03-17T04:21:15.854957Z",504056,"/data/local-files/?d=Users%5CKyle%5CMonocyte_with_RBC%5Ctile_x001_y002_cell_0256_slide1_2.png",1.025,"2026-03-17T04:21:15.854957Z"
16641,"1","2","2026-03-17T04:21:18.621060Z",504057,"/data/local-files/?d=Users%5CKyle%5CMonocyte_with_RBC%5Ctile_x001_y002_cell_0257_slide1_2.png",2.266,"2026-03-17T04:21:18.621060Z"
16642,"1","2","2026-03-17T04:21:19.828357Z",504058,"/data/local-files/?d=Users%5CKyle%5CMonocyte_with_RBC%5Ctile_x001_y002_cell_0258_slide1_2.png",1.023,"2026-03-17T04:21:19.828357Z"
16643,"1","Clustered","2026-03-17T04:21:21.663967Z",504059,"/data/local-files/?d=Users%5CKyle%5CMonocyte_with_RBC%5Ctile_x001_y002_cell_0265_slide1_2.png",1.33,"2026-03-17T04:21:21.663967Z"
16644,"1","1","2026-03-17T04:21:23.011418Z",504060,"/data/local-files/?d=Users%5CKyle%5CMonocyte_with_RBC%5Ctile_x001_y002_cell_0279_slide1_2.png",1.165,"2026-03-17T04:21:23.011418Z"
16645,"1","1","2026-03-17T04:21:24.782616Z",504061,"/data/local-files/?d=Users%5CKyle%5CMonocyte_with_RBC%5Ctile_x001_y002_cell_0281_slide1_2.png",1.068,"2026-03-17T04:21:24.782616Z"
16646,"1","1","2026-03-17T04:21:25.831713Z",504062,"/data/local-files/?d=Users%5CKyle%5CMonocyte_with_RBC%5Ctile_x001_y002_cell_0284_slide1_2.png",0.866,"2026-03-17T04:21:25.831713Z"
16647,"1","1","2026-03-17T04:21:27.847039Z",504063,"/data/local-files/?d=Users%5CKyle%5CMonocyte_with_RBC%5Ctile_x001_y002_cell_0292_slide1_2.png",1.513,"2026-03-17T04:21:27.847039Z"
16648,"1","Clustered","2026-03-17T04:21:29.616376Z",504064,"/data/local-files/?d=Users%5CKyle%5CMonocyte_with_RBC%5Ctile_x001_y002_cell_0295_slide1_2.png",1.583,"2026-03-17T04:21:29.616376Z"
16649,"1","Clustered","2026-03-17T04:21:31.765889Z",504065,"/data/local-files/?d=Users%5CKyle%5CMonocyte_with_RBC%5Ctile_x001_y002_cell_0301_slide1_2.png",1.645,"2026-03-17T04:21:31.765889Z"
16650,"1","1","2026-03-17T04:21:37.190282Z",504066,"/data/local-files/?d=Users%5CKyle%5CMonocyte_with_RBC%5Ctile_x001_y002_cell_0317_slide1_2.png",5.238,"2026-03-17T04:21:37.190282Z"
16651,"1","1","2026-03-17T04:21:38.693167Z",504067,"/data/local-files/?d=Users%5CKyle%5CMonocyte_with_RBC%5Ctile_x001_y002_cell_0318_slide1_2.png",0.989,"2026-03-17T04:21:38.693167Z"
16652,"1","3","2026-03-17T04:21:40.318785Z",504068,"/data/local-files/?d=Users%5CKyle%5CMonocyte_with_RBC%5Ctile_x001_y002_cell_0327_slide1_2.png",1.429,"2026-03-17T04:21:40.318785Z"
16653,"1","Clustered","2026-03-17T04:21:45.760504Z",504069,"/data/local-files/?d=Users%5CKyle%5CMonocyte_with_RBC%5Ctile_x001_y002_cell_0329_slide1_2.png",4.931,"2026-03-17T04:21:45.760504Z"
16654,"1","2","2026-03-17T04:21:48.622653Z",504070,"/data/local-files/?d=Users%5CKyle%5CMonocyte_with_RBC%5Ctile_x001_y003_cell_0001_slide1_2.png",2.666,"2026-03-17T04:21:48.622653Z"
16655,"1","2","2026-03-17T04:21:50.157432Z",504071,"/data/local-files/?d=Users%5CKyle%5CMonocyte_with_RBC%5Ctile_x001_y003_cell_0003_slide1_6.png",1.029,"2026-03-17T04:21:50.157432Z"
16656,"1","3","2026-03-17T04:21:51.630670Z",504072,"/data/local-files/?d=Users%5CKyle%5CMonocyte_with_RBC%5Ctile_x001_y003_cell_0004_slide3_7.png",1.266,"2026-03-17T04:21:51.630670Z"
16657,"1","1","2026-03-17T04:21:53.328940Z",504073,"/data/local-files/?d=Users%5CKyle%5CMonocyte_with_RBC%5Ctile_x001_y003_cell_0005_slide1_3.png",1.192,"2026-03-17T04:21:53.328940Z"
16658,"1","3","2026-03-17T04:21:55.058390Z",504074,"/data/local-files/?d=Users%5CKyle%5CMonocyte_with_RBC%5Ctile_x001_y003_cell_0006_slide1_1.png",1.539,"2026-03-17T04:21:55.058390Z"
16659,"1","1","2026-03-17T04:21:57.072829Z",504075,"/data/local-files/?d=Users%5CKyle%5CMonocyte_with_RBC%5Ctile_x001_y003_cell_0006_slide2_1.png",1.494,"2026-03-17T04:21:57.072829Z"
16660,"1","1","2026-03-17T04:21:58.344326Z",504076,"/data/local-files/?d=Users%5CKyle%5CMonocyte_with_RBC%5Ctile_x001_y003_cell_0007_slide1_1.png",1.084,"2026-03-17T04:21:58.344326Z"
16661,"1","2","2026-03-17T04:21:59.653505Z",504077,"/data/local-files/?d=Users%5CKyle%5CMonocyte_with_RBC%5Ctile_x001_y003_cell_0007_slide1_7.png",1.109,"2026-03-17T04:21:59.653505Z"
16662,"1","0","2026-03-17T04:22:01.510674Z",504078,"/data/local-files/?d=Users%5CKyle%5CMonocyte_with_RBC%5Ctile_x001_y003_cell_0008_slide1_1.png",1.673,"2026-03-17T04:22:01.510674Z"
16663,"1","2","2026-03-17T04:22:03.751777Z",504079,"/data/local-files/?d=Users%5CKyle%5CMonocyte_with_RBC%5Ctile_x001_y003_cell_0011_slide1_1.png",1.726,"2026-03-17T04:22:03.751777Z"
16664,"1","Clustered","2026-03-17T04:22:05.761106Z",504080,"/data/local-files/?d=Users%5CKyle%5CMonocyte_with_RBC%5Ctile_x001_y003_cell_0011_slide1_7.png",1.824,"2026-03-17T04:22:05.761106Z"
16665,"1","1","2026-03-17T04:22:07.947012Z",504081,"/data/local-files/?d=Users%5CKyle%5CMonocyte_with_RBC%5Ctile_x001_y003_cell_0011_slide3_7.png",1.666,"2026-03-17T04:22:07.947012Z"
16666,"1","2","2026-03-17T04:22:09.191796Z",504082,"/data/local-files/?d=Users%5CKyle%5CMonocyte_with_RBC%5Ctile_x001_y003_cell_0012_slide1_6.png",1.056,"2026-03-17T04:22:09.191796Z"
16667,"1","2","2026-03-17T04:22:11.558360Z",504083,"/data/local-files/?d=Users%5CKyle%5CMonocyte_with_RBC%5Ctile_x001_y003_cell_0012_slide3_8.png",1.86,"2026-03-17T04:22:11.558360Z"
16668,"1","1","2026-03-17T04:22:12.791347Z",504084,"/data/local-files/?d=Users%5CKyle%5CMonocyte_with_RBC%5Ctile_x001_y003_cell_0013_slide1_1.png",1.046,"2026-03-17T04:22:12.791347Z"
16669,"1","Clustered","2026-03-17T04:22:14.872898Z",504085,"/data/local-files/?d=Users%5CKyle%5CMonocyte_with_RBC%5Ctile_x001_y003_cell_0023_slide1_6.png",1.581,"2026-03-17T04:22:14.872898Z"
16670,"1","3","2026-03-17T04:22:16.488028Z",504086,"/data/local-files/?d=Users%5CKyle%5CMonocyte_with_RBC%5Ctile_x001_y003_cell_0024_slide1_7.png",1.417,"2026-03-17T04:22:16.488028Z"
16671,"1","1","2026-03-17T04:22:18.347459Z",504087,"/data/local-files/?d=Users%5CKyle%5CMonocyte_with_RBC%5Ctile_x001_y003_cell_0026_slide1_7.png",1.351,"2026-03-17T04:22:18.347459Z"
16672,"1","Clustered","2026-03-17T04:22:19.896498Z",504088,"/data/local-files/?d=Users%5CKyle%5CMonocyte_with_RBC%5Ctile_x001_y003_cell_0030_slide1_5.png",1.36,"2026-03-17T04:22:19.896498Z"
16673,"1","1","2026-03-17T04:22:21.580832Z",504089,"/data/local-files/?d=Users%5CKyle%5CMonocyte_with_RBC%5Ctile_x001_y003_cell_0032_slide1_5.png",1.173,"2026-03-17T04:22:21.580832Z"
16674,"1","2","2026-03-17T04:22:23.178957Z",504090,"/data/local-files/?d=Users%5CKyle%5CMonocyte_with_RBC%5Ctile_x001_y003_cell_0036_slide1_5.png",1.408,"2026-03-17T04:22:23.178957Z"
16675,"1","1","2026-03-17T04:22:25.847006Z",504091,"/data/local-files/?d=Users%5CKyle%5CMonocyte_with_RBC%5Ctile_x001_y003_cell_0038_slide1_2.png",2.164,"2026-03-17T04:22:25.847006Z"
16676,"1","1","2026-03-17T04:22:27.212389Z",504092,"/data/local-files/?d=Users%5CKyle%5CMonocyte_with_RBC%5Ctile_x001_y003_cell_0042_slide1_2.png",1.177,"2026-03-17T04:22:27.212389Z"
16677,"1","2","2026-03-17T04:22:28.818757Z",504093,"/data/local-files/?d=Users%5CKyle%5CMonocyte_with_RBC%5Ctile_x001_y003_cell_0042_slide1_5.png",1.089,"2026-03-17T04:22:28.818757Z"
16678,"1","1","2026-03-17T04:22:30.111971Z",504094,"/data/local-files/?d=Users%5CKyle%5CMonocyte_with_RBC%5Ctile_x001_y003_cell_0045_slide1_3.png",1.108,"2026-03-17T04:22:30.111971Z"
16679,"1","2","2026-03-17T04:22:32.536515Z",504095,"/data/local-files/?d=Users%5CKyle%5CMonocyte_with_RBC%5Ctile_x001_y003_cell_0049_slide1_2.png",1.914,"2026-03-17T04:22:32.536515Z"
16680,"1","1","2026-03-17T04:22:33.797427Z",504096,"/data/local-files/?d=Users%5CKyle%5CMonocyte_with_RBC%5Ctile_x001_y003_cell_0049_slide1_7.png",1.072,"2026-03-17T04:22:33.797427Z"
16681,"1","2","2026-03-17T04:22:35.363076Z",504097,"/data/local-files/?d=Users%5CKyle%5CMonocyte_with_RBC%5Ctile_x001_y003_cell_0056_slide1_3.png",1.054,"2026-03-17T04:22:35.363076Z"
16682,"1","1","2026-03-17T04:22:36.458170Z",504098,"/data/local-files/?d=Users%5CKyle%5CMonocyte_with_RBC%5Ctile_x001_y003_cell_0059_slide1_2.png",0.904,"2026-03-17T04:22:36.458170Z"
16683,"1","3","2026-03-17T04:22:39.232303Z",504099,"/data/local-files/?d=Users%5CKyle%5CMonocyte_with_RBC%5Ctile_x001_y003_cell_0060_slide1_2.png",2.261,"2026-03-17T04:22:39.232303Z"
16684,"1","1","2026-03-17T04:22:40.680892Z",504100,"/data/local-files/?d=Users%5CKyle%5CMonocyte_with_RBC%5Ctile_x001_y003_cell_0061_slide1_2.png",1.26,"2026-03-17T04:22:40.680892Z"
16685,"1","1","2026-03-17T04:22:42.208845Z",504101,"/data/local-files/?d=Users%5CKyle%5CMonocyte_with_RBC%5Ctile_x001_y003_cell_0068_slide1_7.png",1.013,"2026-03-17T04:22:42.208845Z"
16686,"1","1","2026-03-17T04:22:43.587319Z",504102,"/data/local-files/?d=Users%5CKyle%5CMonocyte_with_RBC%5Ctile_x001_y003_cell_0069_slide1_7.png",1.179,"2026-03-17T04:22:43.587319Z"
16687,"1","1","2026-03-17T04:22:45.128218Z",504103,"/data/local-files/?d=Users%5CKyle%5CMonocyte_with_RBC%5Ctile_x001_y003_cell_0078_slide1_3.png",1.017,"2026-03-17T04:22:45.128218Z"
16688,"1","1","2026-03-17T04:22:46.185848Z",504104,"/data/local-files/?d=Users%5CKyle%5CMonocyte_with_RBC%5Ctile_x001_y003_cell_0078_slide1_6.png",0.87,"2026-03-17T04:22:46.185848Z"
16689,"1","1","2026-03-17T04:22:48.094685Z",504105,"/data/local-files/?d=Users%5CKyle%5CMonocyte_with_RBC%5Ctile_x001_y003_cell_0079_slide1_4.png",1.39,"2026-03-17T04:22:48.094685Z"
16690,"1","1","2026-03-17T04:22:49.271314Z",504106,"/data/local-files/?d=Users%5CKyle%5CMonocyte_with_RBC%5Ctile_x001_y003_cell_0079_slide1_5.png",0.991,"2026-03-17T04:22:49.271314Z"
16691,"1","1","2026-03-17T04:22:50.791770Z",504107,"/data/local-files/?d=Users%5CKyle%5CMonocyte_with_RBC%5Ctile_x001_y003_cell_0081_slide1_6.png",0.944,"2026-03-17T04:22:50.791770Z"
16692,"1","1","2026-03-17T04:22:51.905180Z",504108,"/data/local-files/?d=Users%5CKyle%5CMonocyte_with_RBC%5Ctile_x001_y003_cell_0087_slide1_3.png",0.928,"2026-03-17T04:22:51.905180Z"
16693,"1","0","2026-03-17T04:22:54.214192Z",504109,"/data/local-files/?d=Users%5CKyle%5CMonocyte_with_RBC%5Ctile_x001_y003_cell_0091_slide1_6.png",1.799,"2026-03-17T04:22:54.214192Z"
16694,"1","2","2026-03-17T04:22:55.802656Z",504110,"/data/local-files/?d=Users%5CKyle%5CMonocyte_with_RBC%5Ctile_x001_y003_cell_0098_slide1_2.png",1.4,"2026-03-17T04:22:55.802656Z"
16695,"1","2","2026-03-17T04:22:57.354562Z",504111,"/data/local-files/?d=Users%5CKyle%5CMonocyte_with_RBC%5Ctile_x001_y003_cell_0099_slide1_3.png",1.032,"2026-03-17T04:22:57.354562Z"
16696,"1","2","2026-03-17T04:22:58.466609Z",504112,"/data/local-files/?d=Users%5CKyle%5CMonocyte_with_RBC%5Ctile_x001_y003_cell_0101_slide1_5.png",0.923,"2026-03-17T04:22:58.466609Z"
16697,"1","1","2026-03-17T04:22:59.955138Z",504113,"/data/local-files/?d=Users%5CKyle%5CMonocyte_with_RBC%5Ctile_x001_y003_cell_0102_slide1_5.png",0.974,"2026-03-17T04:22:59.955138Z"
16698,"1","1","2026-03-17T04:23:01.265503Z",504114,"/data/local-files/?d=Users%5CKyle%5CMonocyte_with_RBC%5Ctile_x001_y003_cell_0103_slide1_6.png",1.081,"2026-03-17T04:23:01.265503Z"
16699,"1","1","2026-03-17T04:23:02.513289Z",504115,"/data/local-files/?d=Users%5CKyle%5CMonocyte_with_RBC%5Ctile_x001_y003_cell_0113_slide1_6.png",1.046,"2026-03-17T04:23:02.513289Z"
16700,"1","1","2026-03-17T04:23:05.347769Z",504116,"/data/local-files/?d=Users%5CKyle%5CMonocyte_with_RBC%5Ctile_x001_y003_cell_0122_slide1_5.png",2.343,"2026-03-17T04:23:05.347769Z"
16701,"1","2","2026-03-17T04:23:06.826229Z",504117,"/data/local-files/?d=Users%5CKyle%5CMonocyte_with_RBC%5Ctile_x001_y003_cell_0130_slide1_5.png",1.27,"2026-03-17T04:23:06.826229Z"
16702,"1","1","2026-03-17T04:23:08.067961Z",504118,"/data/local-files/?d=Users%5CKyle%5CMonocyte_with_RBC%5Ctile_x001_y003_cell_0130_slide1_6.png",0.742,"2026-03-17T04:23:08.067961Z"
16703,"1","2","2026-03-17T04:23:09.106359Z",504119,"/data/local-files/?d=Users%5CKyle%5CMonocyte_with_RBC%5Ctile_x001_y003_cell_0131_slide1_2.png",0.836,"2026-03-17T04:23:09.106359Z"
16704,"1","2","2026-03-17T04:23:10.833287Z",504120,"/data/local-files/?d=Users%5CKyle%5CMonocyte_with_RBC%5Ctile_x001_y003_cell_0134_slide1_2.png",1.22,"2026-03-17T04:23:10.833287Z"
16705,"1","2","2026-03-17T04:23:11.962798Z",504121,"/data/local-files/?d=Users%5CKyle%5CMonocyte_with_RBC%5Ctile_x001_y003_cell_0134_slide1_5.png",0.924,"2026-03-17T04:23:11.962798Z"
16706,"1","1","2026-03-17T04:23:13.438740Z",504122,"/data/local-files/?d=Users%5CKyle%5CMonocyte_with_RBC%5Ctile_x001_y003_cell_0138_slide1_6.png",0.978,"2026-03-17T04:23:13.438740Z"
16707,"1","1","2026-03-17T04:23:14.609454Z",504123,"/data/local-files/?d=Users%5CKyle%5CMonocyte_with_RBC%5Ctile_x001_y003_cell_0139_slide1_5.png",0.961,"2026-03-17T04:23:14.609454Z"
16708,"1","1","2026-03-17T04:23:16.482080Z",504124,"/data/local-files/?d=Users%5CKyle%5CMonocyte_with_RBC%5Ctile_x001_y003_cell_0145_slide1_4.png",1.38,"2026-03-17T04:23:16.482080Z"
16709,"1","3","2026-03-17T04:23:17.963310Z",504125,"/data/local-files/?d=Users%5CKyle%5CMonocyte_with_RBC%5Ctile_x001_y003_cell_0157_slide1_5.png",1.269,"2026-03-17T04:23:17.963310Z"
16710,"1","2","2026-03-17T04:23:19.507929Z",504126,"/data/local-files/?d=Users%5CKyle%5CMonocyte_with_RBC%5Ctile_x001_y003_cell_0161_slide1_5.png",1.049,"2026-03-17T04:23:19.507929Z"
16711,"1","Clustered","2026-03-17T04:23:21.758713Z",504127,"/data/local-files/?d=Users%5CKyle%5CMonocyte_with_RBC%5Ctile_x001_y003_cell_0167_slide1_6.png",2.044,"2026-03-17T04:23:21.758713Z"
16712,"1","1","2026-03-17T04:23:23.634179Z",504128,"/data/local-files/?d=Users%5CKyle%5CMonocyte_with_RBC%5Ctile_x001_y003_cell_0185_slide1_6.png",1.379,"2026-03-17T04:23:23.634179Z"
16713,"1","Clustered","2026-03-17T04:23:24.968135Z",504129,"/data/local-files/?d=Users%5CKyle%5CMonocyte_with_RBC%5Ctile_x001_y003_cell_0188_slide1_5.png",5.791,"2026-03-17T04:23:32.459314Z"
16714,"1","2","2026-03-17T04:23:37.061979Z",504130,"/data/local-files/?d=Users%5CKyle%5CMonocyte_with_RBC%5Ctile_x001_y003_cell_0202_slide1_5.png",2.293,"2026-03-17T04:23:37.061979Z"
16715,"1","1","2026-03-17T04:23:38.910004Z",504131,"/data/local-files/?d=Users%5CKyle%5CMonocyte_with_RBC%5Ctile_x001_y003_cell_0204_slide1_5.png",1.654,"2026-03-17T04:23:38.910004Z"
16716,"1","1","2026-03-17T04:23:41.957402Z",504132,"/data/local-files/?d=Users%5CKyle%5CMonocyte_with_RBC%5Ctile_x001_y003_cell_0211_slide1_6.png",2.841,"2026-03-17T04:23:41.957402Z"
16717,"1","1","2026-03-17T04:23:43.733605Z",504133,"/data/local-files/?d=Users%5CKyle%5CMonocyte_with_RBC%5Ctile_x001_y003_cell_0221_slide1_5.png",1.586,"2026-03-17T04:23:43.733605Z"
16718,"1","Clustered","2026-03-17T04:23:46.090494Z",504134,"/data/local-files/?d=Users%5CKyle%5CMonocyte_with_RBC%5Ctile_x001_y003_cell_0228_slide1_5.png",1.833,"2026-03-17T04:23:46.090494Z"
16719,"1","3","2026-03-17T04:23:48.165312Z",504135,"/data/local-files/?d=Users%5CKyle%5CMonocyte_with_RBC%5Ctile_x001_y003_cell_0231_slide1_5.png",1.886,"2026-03-17T04:23:48.165312Z"
16720,"1","2","2026-03-17T04:23:49.605319Z",504136,"/data/local-files/?d=Users%5CKyle%5CMonocyte_with_RBC%5Ctile_x001_y003_cell_0232_slide1_5.png",0.925,"2026-03-17T04:23:49.605319Z"
16721,"1","1","2026-03-17T04:23:50.826206Z",504137,"/data/local-files/?d=Users%5CKyle%5CMonocyte_with_RBC%5Ctile_x001_y003_cell_0243_slide1_4.png",1.033,"2026-03-17T04:23:50.826206Z"
16722,"1","3","2026-03-17T04:23:52.892029Z",504138,"/data/local-files/?d=Users%5CKyle%5CMonocyte_with_RBC%5Ctile_x001_y003_cell_0247_slide1_5.png",1.535,"2026-03-17T04:23:52.892029Z"
16723,"1","1","2026-03-17T04:23:54.367292Z",504139,"/data/local-files/?d=Users%5CKyle%5CMonocyte_with_RBC%5Ctile_x001_y003_cell_0256_slide1_4.png",1.273,"2026-03-17T04:23:54.367292Z"
16724,"1","Clustered","2026-03-17T04:23:56.912858Z",504140,"/data/local-files/?d=Users%5CKyle%5CMonocyte_with_RBC%5Ctile_x001_y004_cell_0001_slide1_1.png",2.025,"2026-03-17T04:23:56.912858Z"
16725,"1","2","2026-03-17T04:23:58.101257Z",504141,"/data/local-files/?d=Users%5CKyle%5CMonocyte_with_RBC%5Ctile_x001_y004_cell_0001_slide3_7.png",0.995,"2026-03-17T04:23:58.101257Z"
16726,"1","0","2026-03-17T04:24:00.289978Z",504142,"/data/local-files/?d=Users%5CKyle%5CMonocyte_with_RBC%5Ctile_x001_y004_cell_0002_slide1_2.png",1.673,"2026-03-17T04:24:00.289978Z"
16727,"1","1","2026-03-17T04:24:01.852997Z",504143,"/data/local-files/?d=Users%5CKyle%5CMonocyte_with_RBC%5Ctile_x001_y004_cell_0003_slide3_3.png",1.365,"2026-03-17T04:24:01.852997Z"
16728,"1","1","2026-03-17T04:24:03.239540Z",504144,"/data/local-files/?d=Users%5CKyle%5CMonocyte_with_RBC%5Ctile_x001_y004_cell_0003_slide3_8.png",1.176,"2026-03-17T04:24:03.239540Z"
16729,"1","1","2026-03-17T04:24:05.160473Z",504145,"/data/local-files/?d=Users%5CKyle%5CMonocyte_with_RBC%5Ctile_x001_y004_cell_0004_slide1_2.png",1.422,"2026-03-17T04:24:05.160473Z"
16730,"1","2","2026-03-17T04:24:07.239888Z",504146,"/data/local-files/?d=Users%5CKyle%5CMonocyte_with_RBC%5Ctile_x001_y004_cell_0005_slide3_7.png",1.861,"2026-03-17T04:24:07.239888Z"
16731,"1","2","2026-03-17T04:24:09.682266Z",504147,"/data/local-files/?d=Users%5CKyle%5CMonocyte_with_RBC%5Ctile_x001_y004_cell_0006_slide3_7.png",1.939,"2026-03-17T04:24:09.682266Z"
16732,"1","1","2026-03-17T04:24:13.346804Z",504148,"/data/local-files/?d=Users%5CKyle%5CMonocyte_with_RBC%5Ctile_x001_y004_cell_0007_slide1_2.png",3.45,"2026-03-17T04:24:13.346804Z"
16733,"1","1","2026-03-17T04:24:17.160443Z",504149,"/data/local-files/?d=Users%5CKyle%5CMonocyte_with_RBC%5Ctile_x001_y004_cell_0007_slide3_2.png",4.982,"2026-03-17T04:24:36.863694Z"
16734,"1","1","2026-03-17T04:24:19.065352Z",504150,"/data/local-files/?d=Users%5CKyle%5CMonocyte_with_RBC%5Ctile_x001_y004_cell_0007_slide3_8.png",3.715,"2026-03-17T04:24:33.860820Z"
16735,"1","1","2026-03-17T04:24:20.907040Z",504151,"/data/local-files/?d=Users%5CKyle%5CMonocyte_with_RBC%5Ctile_x001_y004_cell_0008_slide3_8.png",4.022,"2026-03-17T04:24:30.684265Z"
16736,"1","3","2026-03-17T04:24:23.006775Z",504152,"/data/local-files/?d=Users%5CKyle%5CMonocyte_with_RBC%5Ctile_x001_y004_cell_0009_slide1_1.png",1.885,"2026-03-17T04:24:23.006775Z"
16737,"1","1","2026-03-17T04:24:24.783086Z",504153,"/data/local-files/?d=Users%5CKyle%5CMonocyte_with_RBC%5Ctile_x001_y004_cell_0010_slide1_7.png",6.318,"2026-03-17T04:24:52.099292Z"
16738,"1","2","2026-03-17T04:24:57.656914Z",504154,"/data/local-files/?d=Users%5CKyle%5CMonocyte_with_RBC%5Ctile_x001_y004_cell_0011_slide1_5.png",3.671,"2026-03-17T04:24:57.656914Z"
16739,"1","1","2026-03-17T04:25:02.032844Z",504155,"/data/local-files/?d=Users%5CKyle%5CMonocyte_with_RBC%5Ctile_x001_y004_cell_0013_slide3_8.png",4.177,"2026-03-17T04:25:02.032844Z"
16740,"1","0","2026-03-17T04:25:04.651459Z",504156,"/data/local-files/?d=Users%5CKyle%5CMonocyte_with_RBC%5Ctile_x001_y004_cell_0014_slide1_5.png",2.087,"2026-03-17T04:25:04.651459Z"
16741,"1","1","2026-03-17T04:25:06.097672Z",504157,"/data/local-files/?d=Users%5CKyle%5CMonocyte_with_RBC%5Ctile_x001_y004_cell_0014_slide3_8.png",1.021,"2026-03-17T04:25:06.097672Z"
16742,"1","1","2026-03-17T04:25:07.703843Z",504158,"/data/local-files/?d=Users%5CKyle%5CMonocyte_with_RBC%5Ctile_x001_y004_cell_0015_slide1_3.png",1.096,"2026-03-17T04:25:07.703843Z"
16743,"1","Clustered","2026-03-17T04:25:10.187488Z",504159,"/data/local-files/?d=Users%5CKyle%5CMonocyte_with_RBC%5Ctile_x001_y004_cell_0017_slide1_6.png",2.29,"2026-03-17T04:25:10.187488Z"
16744,"1","1","2026-03-17T04:25:11.777856Z",504160,"/data/local-files/?d=Users%5CKyle%5CMonocyte_with_RBC%5Ctile_x001_y004_cell_0019_slide1_5.png",1.069,"2026-03-17T04:25:11.777856Z"
16745,"1","1","2026-03-17T04:25:13.127897Z",504161,"/data/local-files/?d=Users%5CKyle%5CMonocyte_with_RBC%5Ctile_x001_y004_cell_0020_slide1_1.png",1.155,"2026-03-17T04:25:13.127897Z"
16746,"1","1","2026-03-17T04:25:14.588157Z",504162,"/data/local-files/?d=Users%5CKyle%5CMonocyte_with_RBC%5Ctile_x001_y004_cell_0020_slide1_7.png",0.934,"2026-03-17T04:25:14.588157Z"
16747,"1","1","2026-03-17T04:25:15.958778Z",504163,"/data/local-files/?d=Users%5CKyle%5CMonocyte_with_RBC%5Ctile_x001_y004_cell_0021_slide1_2.png",1.18,"2026-03-17T04:25:15.958778Z"
16748,"1","0","2026-03-17T04:25:18.415518Z",504164,"/data/local-files/?d=Users%5CKyle%5CMonocyte_with_RBC%5Ctile_x001_y004_cell_0027_slide1_5.png",1.931,"2026-03-17T04:25:18.415518Z"
16749,"1","3","2026-03-17T04:25:20.301765Z",504165,"/data/local-files/?d=Users%5CKyle%5CMonocyte_with_RBC%5Ctile_x001_y004_cell_0028_slide1_5.png",1.687,"2026-03-17T04:25:20.301765Z"
16750,"1","3","2026-03-17T04:25:22.523784Z",504166,"/data/local-files/?d=Users%5CKyle%5CMonocyte_with_RBC%5Ctile_x001_y004_cell_0033_slide1_1.png",2.0,"2026-03-17T04:25:22.523784Z"
16751,"1","1","2026-03-17T04:25:23.732172Z",504167,"/data/local-files/?d=Users%5CKyle%5CMonocyte_with_RBC%5Ctile_x001_y004_cell_0035_slide1_6.png",1.014,"2026-03-17T04:25:23.732172Z"
16752,"1","3","2026-03-17T04:25:25.728036Z",504168,"/data/local-files/?d=Users%5CKyle%5CMonocyte_with_RBC%5Ctile_x001_y004_cell_0036_slide1_1.png",1.469,"2026-03-17T04:25:25.728036Z"
16753,"1","1","2026-03-17T04:25:26.903106Z",504169,"/data/local-files/?d=Users%5CKyle%5CMonocyte_with_RBC%5Ctile_x001_y004_cell_0036_slide1_2.png",0.98,"2026-03-17T04:25:26.903106Z"
16754,"1","1","2026-03-17T04:25:28.473636Z",504170,"/data/local-files/?d=Users%5CKyle%5CMonocyte_with_RBC%5Ctile_x001_y004_cell_0038_slide1_8.png",1.048,"2026-03-17T04:25:28.473636Z"
16755,"1","1","2026-03-17T04:25:29.696891Z",504171,"/data/local-files/?d=Users%5CKyle%5CMonocyte_with_RBC%5Ctile_x001_y004_cell_0040_slide1_2.png",1.027,"2026-03-17T04:25:29.696891Z"
16756,"1","1","2026-03-17T04:25:31.039161Z",504172,"/data/local-files/?d=Users%5CKyle%5CMonocyte_with_RBC%5Ctile_x001_y004_cell_0042_slide1_1.png",0.833,"2026-03-17T04:25:31.039161Z"
16757,"1","3","2026-03-17T04:25:32.507329Z",504173,"/data/local-files/?d=Users%5CKyle%5CMonocyte_with_RBC%5Ctile_x001_y004_cell_0044_slide1_5.png",1.277,"2026-03-17T04:25:32.507329Z"
16758,"1","Clustered","2026-03-17T04:25:34.729030Z",504174,"/data/local-files/?d=Users%5CKyle%5CMonocyte_with_RBC%5Ctile_x001_y004_cell_0045_slide1_3.png",1.696,"2026-03-17T04:25:34.730029Z"
16759,"1","Clustered","2026-03-17T04:25:36.668075Z",504175,"/data/local-files/?d=Users%5CKyle%5CMonocyte_with_RBC%5Ctile_x001_y004_cell_0046_slide1_5.png",1.74,"2026-03-17T04:25:36.668075Z"
16760,"1","1","2026-03-17T04:25:42.350258Z",504176,"/data/local-files/?d=Users%5CKyle%5CMonocyte_with_RBC%5Ctile_x001_y004_cell_0047_slide1_2.png",5.46,"2026-03-17T04:25:42.350258Z"
16761,"1","2","2026-03-17T04:25:46.024031Z",504177,"/data/local-files/?d=Users%5CKyle%5CMonocyte_with_RBC%5Ctile_x001_y004_cell_0057_slide1_2.png",3.473,"2026-03-17T04:25:46.024031Z"
16762,"1","1","2026-03-17T04:25:48.161621Z",504178,"/data/local-files/?d=Users%5CKyle%5CMonocyte_with_RBC%5Ctile_x001_y004_cell_0059_slide1_2.png",1.619,"2026-03-17T04:25:48.161621Z"
16763,"1","Clustered","2026-03-17T04:26:12.297547Z",504195,"/data/local-files/?d=Users%5CKyle%5CMonocyte_with_RBC%5Ctile_x001_y004_cell_0144_slide1_5.png",6.028,"2026-03-17T04:26:12.297547Z"
16764,"1","Clustered","2026-03-17T04:26:39.696093Z",504226,"/data/local-files/?d=Users%5CKyle%5CMonocyte_with_RBC%5Ctile_x001_y005_cell_0006_slide1_1.png",4.467,"2026-03-17T04:26:39.696093Z"
16765,"1","Clustered","2026-03-17T04:26:55.844136Z",504250,"/data/local-files/?d=Users%5CKyle%5CMonocyte_with_RBC%5Ctile_x001_y005_cell_0031_slide1_6.png",4.302,"2026-03-17T04:26:55.844136Z"
16766,"1","Clustered","2026-03-17T04:27:01.431966Z",504255,"/data/local-files/?d=Users%5CKyle%5CMonocyte_with_RBC%5Ctile_x001_y005_cell_0034_slide1_6.png",3.258,"2026-03-17T04:27:01.431966Z"
16767,"1","","2026-03-17T04:27:26.441076Z",504298,"/data/local-files/?d=Users%5CKyle%5CMonocyte_with_RBC%5Ctile_x001_y005_cell_0124_slide1_2.png",7.4,"2026-03-17T04:27:30.013618Z"
16768,"1","Clustered","2026-03-17T04:27:34.780970Z",504304,"/data/local-files/?d=Users%5CKyle%5CMonocyte_with_RBC%5Ctile_x001_y005_cell_0171_slide1_6.png",2.463,"2026-03-17T04:27:34.780970Z"
16769,"1","Clustered","2026-03-17T04:27:38.960339Z",504305,"/data/local-files/?d=Users%5CKyle%5CMonocyte_with_RBC%5Ctile_x001_y005_cell_0174_slide1_6.png",2.607,"2026-03-17T04:27:38.961341Z"
16770,"1","Clustered","2026-03-17T04:27:43.546962Z",504308,"/data/local-files/?d=Users%5CKyle%5CMonocyte_with_RBC%5Ctile_x001_y005_cell_0185_slide1_6.png",2.664,"2026-03-17T04:27:43.546962Z"
16771,"1","Clustered","2026-03-17T04:27:48.008459Z",504309,"/data/local-files/?d=Users%5CKyle%5CMonocyte_with_RBC%5Ctile_x001_y005_cell_0193_slide1_6.png",1.894,"2026-03-17T04:27:48.008459Z"
16772,"1","Clustered","2026-03-17T04:27:52.220849Z",504314,"/data/local-files/?d=Users%5CKyle%5CMonocyte_with_RBC%5Ctile_x001_y005_cell_0214_slide1_6.png",1.388,"2026-03-17T04:27:52.220849Z"
16773,"1","Clustered","2026-03-17T04:27:54.478404Z",504315,"/data/local-files/?d=Users%5CKyle%5CMonocyte_with_RBC%5Ctile_x001_y005_cell_0220_slide1_6.png",1.395,"2026-03-17T04:27:54.478404Z"
16774,"1","Clustered","2026-03-17T04:27:57.937929Z",504317,"/data/local-files/?d=Users%5CKyle%5CMonocyte_with_RBC%5Ctile_x001_y005_cell_0229_slide1_6.png",2.028,"2026-03-17T04:27:57.937929Z"
16775,"1","Clustered","2026-03-17T04:28:01.363342Z",504318,"/data/local-files/?d=Users%5CKyle%5CMonocyte_with_RBC%5Ctile_x001_y005_cell_0239_slide1_6.png",1.607,"2026-03-17T04:28:01.363342Z"
16776,"1","Clustered","2026-03-17T04:28:19.475974Z",504374,"/data/local-files/?d=Users%5CKyle%5CMonocyte_with_RBC%5Ctile_x001_y006_cell_0075_slide1_3.png",1.785,"2026-03-17T04:28:19.475974Z"
16777,"1","Clustered","2026-03-17T04:28:29.860021Z",504393,"/data/local-files/?d=Users%5CKyle%5CMonocyte_with_RBC%5Ctile_x001_y006_cell_0116_slide1_3.png",2.096,"2026-03-17T04:28:29.860021Z"
16778,"1","Clustered","2026-03-17T04:28:33.280231Z",504397,"/data/local-files/?d=Users%5CKyle%5CMonocyte_with_RBC%5Ctile_x001_y006_cell_0129_slide1_2.png",2.042,"2026-03-17T04:28:33.280231Z"
16779,"1","Clustered","2026-03-17T04:28:36.270519Z",504401,"/data/local-files/?d=Users%5CKyle%5CMonocyte_with_RBC%5Ctile_x001_y006_cell_0144_slide1_2.png",1.839,"2026-03-17T04:28:36.270519Z"
16780,"1","Clustered","2026-03-17T04:28:46.354842Z",504417,"/data/local-files/?d=Users%5CKyle%5CMonocyte_with_RBC%5Ctile_x001_y006_cell_0201_slide1_2.png",2.282,"2026-03-17T04:28:46.354842Z"
16781,"1","Clustered","2026-03-17T04:28:49.953528Z",504418,"/data/local-files/?d=Users%5CKyle%5CMonocyte_with_RBC%5Ctile_x001_y006_cell_0202_slide1_2.png",2.053,"2026-03-17T04:28:49.953528Z"
16782,"1","Clustered","2026-03-17T04:28:53.094834Z",504419,"/data/local-files/?d=Users%5CKyle%5CMonocyte_with_RBC%5Ctile_x001_y006_cell_0227_slide1_6.png",1.627,"2026-03-17T04:28:53.094834Z"
16783,"1","Clustered","2026-03-17T04:29:02.087042Z",504426,"/data/local-files/?d=Users%5CKyle%5CMonocyte_with_RBC%5Ctile_x001_y007_cell_0004_slide1_5.png",2.088,"2026-03-17T04:29:02.087042Z"
16784,"1","Clustered","2026-03-17T04:29:05.404334Z",504428,"/data/local-files/?d=Users%5CKyle%5CMonocyte_with_RBC%5Ctile_x001_y007_cell_0005_slide1_5.png",1.786,"2026-03-17T04:29:05.404334Z"
16785,"1","Clustered","2026-03-17T04:29:10.954015Z",504436,"/data/local-files/?d=Users%5CKyle%5CMonocyte_with_RBC%5Ctile_x001_y007_cell_0010_slide1_1.png",3.99,"2026-03-17T04:29:10.954015Z"
16786,"1","Clustered","2026-03-17T04:29:19.624237Z",504447,"/data/local-files/?d=Users%5CKyle%5CMonocyte_with_RBC%5Ctile_x007_y003_cell_0139_slide1_1.png",2.322,"2026-03-17T04:29:19.624237Z"
16787,"1","Clustered","2026-03-17T04:29:22.695908Z",504452,"/data/local-files/?d=Users%5CKyle%5CMonocyte_with_RBC%5Ctile_x007_y003_cell_0153_slide1_1.png",1.285,"2026-03-17T04:29:22.695908Z"
16788,"1","Clustered","2026-03-17T04:29:36.986378Z",504485,"/data/local-files/?d=Users%5CKyle%5CMonocyte_with_RBC%5Ctile_x007_y003_cell_0237_slide1_2.png",2.491,"2026-03-17T04:29:36.986378Z"
16789,"1","Clustered","2026-03-17T04:29:42.393044Z",504490,"/data/local-files/?d=Users%5CKyle%5CMonocyte_with_RBC%5Ctile_x007_y003_cell_0267_slide1_4.png",2.063,"2026-03-17T04:29:42.393044Z"
16790,"1","Clustered","2026-03-17T04:29:48.378141Z",504494,"/data/local-files/?d=Users%5CKyle%5CMonocyte_with_RBC%5Ctile_x007_y003_cell_0282_slide1_1.png",2.077,"2026-03-17T04:29:48.378141Z"
16791,"1","0","2026-03-17T04:29:56.720377Z",504498,"/data/local-files/?d=Users%5CKyle%5CMonocyte_with_RBC%5Ctile_x007_y003_cell_0315_slide1_2.png",5.108,"2026-03-17T04:29:56.720377Z"
16792,"1","Clustered","2026-03-17T04:30:04.240856Z",504506,"/data/local-files/?d=Users%5CKyle%5CMonocyte_with_RBC%5Ctile_x007_y003_cell_0372_slide1_2.png",2.751,"2026-03-17T04:30:04.240856Z"
16793,"1","Clustered","2026-03-17T04:30:14.671978Z",504522,"/data/local-files/?d=Users%5CKyle%5CMonocyte_with_RBC%5Ctile_x007_y004_cell_0015_slide1_2.png",1.747,"2026-03-17T04:30:14.671978Z"
16794,"1","Clustered","2026-03-17T04:30:22.453540Z",504530,"/data/local-files/?d=Users%5CKyle%5CMonocyte_with_RBC%5Ctile_x007_y004_cell_0022_slide1_5.png",1.946,"2026-03-17T04:30:22.453540Z"
16795,"1","Clustered","2026-03-17T04:30:26.540122Z",504542,"/data/local-files/?d=Users%5CKyle%5CMonocyte_with_RBC%5Ctile_x007_y004_cell_0047_slide1_6.png",1.885,"2026-03-17T04:30:26.540122Z"
16796,"1","Clustered","2026-03-17T04:30:30.800786Z",504545,"/data/local-files/?d=Users%5CKyle%5CMonocyte_with_RBC%5Ctile_x007_y004_cell_0053_slide1_7.png",1.711,"2026-03-17T04:30:30.800786Z"
16797,"1","Clustered","2026-03-17T04:30:36.728967Z",504552,"/data/local-files/?d=Users%5CKyle%5CMonocyte_with_RBC%5Ctile_x007_y004_cell_0061_slide1_1.png",1.647,"2026-03-17T04:30:36.728967Z"
16798,"1","Clustered","2026-03-17T04:30:42.337478Z",504557,"/data/local-files/?d=Users%5CKyle%5CMonocyte_with_RBC%5Ctile_x007_y004_cell_0064_slide1_6.png",1.517,"2026-03-17T04:30:42.337478Z"
16799,"1","Clustered","2026-03-17T04:30:44.897203Z",504558,"/data/local-files/?d=Users%5CKyle%5CMonocyte_with_RBC%5Ctile_x007_y004_cell_0069_slide1_6.png",0.941,"2026-03-17T04:30:44.897203Z"
16800,"1","Clustered","2026-03-17T04:30:49.342150Z",504567,"/data/local-files/?d=Users%5CKyle%5CMonocyte_with_RBC%5Ctile_x007_y004_cell_0082_slide1_5.png",0.755,"2026-03-17T04:30:49.342150Z"
16801,"1","Clustered","2026-03-17T04:30:54.184787Z",504581,"/data/local-files/?d=Users%5CKyle%5CMonocyte_with_RBC%5Ctile_x007_y004_cell_0104_slide1_2.png",1.534,"2026-03-17T04:30:54.184787Z"
16802,"1","Clustered","2026-03-17T04:30:59.161858Z",504586,"/data/local-files/?d=Users%5CKyle%5CMonocyte_with_RBC%5Ctile_x007_y004_cell_0112_slide1_6.png",1.071,"2026-03-17T04:30:59.161858Z"
16803,"1","Clustered","2026-03-17T04:31:07.075974Z",504614,"/data/local-files/?d=Users%5CKyle%5CMonocyte_with_RBC%5Ctile_x007_y004_cell_0157_slide1_1.png",1.273,"2026-03-17T04:31:07.075974Z"
16804,"1","Clustered","2026-03-17T04:31:10.413446Z",504620,"/data/local-files/?d=Users%5CKyle%5CMonocyte_with_RBC%5Ctile_x007_y004_cell_0173_slide1_2.png",1.322,"2026-03-17T04:31:10.413446Z"
16805,"1","Clustered","2026-03-17T04:31:17.051105Z",504628,"/data/local-files/?d=Users%5CKyle%5CMonocyte_with_RBC%5Ctile_x007_y004_cell_0188_slide1_3.png",0.722,"2026-03-17T04:31:17.051105Z"
16806,"1","Clustered","2026-03-17T04:31:19.163827Z",504629,"/data/local-files/?d=Users%5CKyle%5CMonocyte_with_RBC%5Ctile_x007_y004_cell_0189_slide1_2.png",1.12,"2026-03-17T04:31:19.163827Z"
16808,"1","Clustered","2026-03-17T04:31:24.080515Z",504631,"/data/local-files/?d=Users%5CKyle%5CMonocyte_with_RBC%5Ctile_x007_y004_cell_0192_slide1_2.png",1.55,"2026-03-17T04:31:24.080515Z"
16807,"1","Clustered","2026-03-17T04:31:21.420911Z",504633,"/data/local-files/?d=Users%5CKyle%5CMonocyte_with_RBC%5Ctile_x007_y004_cell_0200_slide1_2.png",0.86,"2026-03-17T04:31:21.420911Z"
16809,"1","Clustered","2026-03-17T04:31:31.704035Z",504642,"/data/local-files/?d=Users%5CKyle%5CMonocyte_with_RBC%5Ctile_x017_y001_cell_0106_slide1_7.png",1.625,"2026-03-17T04:31:31.704035Z"
16810,"1","Clustered","2026-03-17T04:31:34.459977Z",504646,"/data/local-files/?d=Users%5CKyle%5CMonocyte_with_RBC%5Ctile_x017_y001_cell_0152_slide1_2.png",0.689,"2026-03-17T04:31:34.459977Z"
16811,"1","Clustered","2026-03-17T04:31:37.023177Z",504648,"/data/local-files/?d=Users%5CKyle%5CMonocyte_with_RBC%5Ctile_x017_y001_cell_0186_slide1_2.png",1.188,"2026-03-17T04:31:37.023177Z"
16812,"1","Clustered","2026-03-17T04:31:38.959413Z",504649,"/data/local-files/?d=Users%5CKyle%5CMonocyte_with_RBC%5Ctile_x017_y001_cell_0192_slide1_2.png",1.047,"2026-03-17T04:31:38.959413Z"
16813,"1","Clustered","2026-03-17T04:31:54.228664Z",504695,"/data/local-files/?d=Users%5CKyle%5CMonocyte_with_RBC%5Ctile_x017_y002_cell_0071_slide1_1.png",0.779,"2026-03-17T04:31:54.228664Z"
16814,"1","Clustered","2026-03-17T04:31:57.152494Z",504701,"/data/local-files/?d=Users%5CKyle%5CMonocyte_with_RBC%5Ctile_x017_y002_cell_0075_slide1_2.png",1.281,"2026-03-17T04:31:57.152494Z"
16815,"1","Clustered","2026-03-17T04:32:03.591892Z",504707,"/data/local-files/?d=Users%5CKyle%5CMonocyte_with_RBC%5Ctile_x017_y002_cell_0106_slide1_1.png",2.187,"2026-03-17T04:32:03.591892Z"
16816,"1","Clustered","2026-03-17T04:32:06.874565Z",504718,"/data/local-files/?d=Users%5CKyle%5CMonocyte_with_RBC%5Ctile_x017_y002_cell_0145_slide1_1.png",0.739,"2026-03-17T04:32:06.874565Z"
16817,"1","Clustered","2026-03-17T04:32:12.133157Z",504721,"/data/local-files/?d=Users%5CKyle%5CMonocyte_with_RBC%5Ctile_x017_y002_cell_0148_slide1_2.png",0.942,"2026-03-17T04:32:12.133157Z"
16818,"1","Clustered","2026-03-17T04:32:14.193055Z",504722,"/data/local-files/?d=Users%5CKyle%5CMonocyte_with_RBC%5Ctile_x017_y002_cell_0153_slide1_1.png",0.989,"2026-03-17T04:32:14.193055Z"
16819,"1","Clustered","2026-03-17T04:32:17.775159Z",504725,"/data/local-files/?d=Users%5CKyle%5CMonocyte_with_RBC%5Ctile_x017_y006_cell_0155_slide1_2.png",1.393,"2026-03-17T04:32:17.775159Z"
16820,"1","Clustered","2026-03-17T04:32:27.144149Z",504749,"/data/local-files/?d=Users%5CKyle%5CMonocyte_with_RBC%5Ctile_x017_y008_cell_0038_slide1_1.png",0.95,"2026-03-17T04:32:27.144149Z"
16821,"1","Clustered","2026-03-17T04:32:36.073142Z",504761,"/data/local-files/?d=Users%5CKyle%5CMonocyte_with_RBC%5Ctile_x017_y008_cell_0077_slide1_2.png",2.638,"2026-03-17T04:32:36.073142Z"
16822,"1","Clustered","2026-03-17T04:32:40.425582Z",504765,"/data/local-files/?d=Users%5CKyle%5CMonocyte_with_RBC%5Ctile_x017_y008_cell_0088_slide1_2.png",1.551,"2026-03-17T04:32:40.425582Z"
16823,"1","Clustered","2026-03-17T04:32:42.694533Z",504766,"/data/local-files/?d=Users%5CKyle%5CMonocyte_with_RBC%5Ctile_x017_y008_cell_0093_slide1_5.png",1.03,"2026-03-17T04:32:42.694533Z"
16824,"1","Clustered","2026-03-17T04:32:49.056308Z",504773,"/data/local-files/?d=Users%5CKyle%5CMonocyte_with_RBC%5Ctile_x017_y008_cell_0151_slide1_5.png",1.084,"2026-03-17T04:32:49.056308Z"
16825,"1","Clustered","2026-03-17T04:32:52.901762Z",504775,"/data/local-files/?d=Users%5CKyle%5CMonocyte_with_RBC%5Ctile_x017_y008_cell_0157_slide1_5.png",2.289,"2026-03-17T04:32:52.901762Z"
16826,"1","Clustered","2026-03-17T04:32:59.714537Z",504785,"/data/local-files/?d=Users%5CKyle%5CMonocyte_with_RBC%5Ctile_x017_y009_cell_0006_slide1_5.png",1.785,"2026-03-17T04:32:59.714537Z"
16827,"1","Clustered","2026-03-17T04:33:06.551748Z",504797,"/data/local-files/?d=Users%5CKyle%5CMonocyte_with_RBC%5Ctile_x017_y009_cell_0016_slide1_6.png",0.781,"2026-03-17T04:33:06.551748Z"
16828,"1","Clustered","2026-03-17T04:33:11.466926Z",504818,"/data/local-files/?d=Users%5CKyle%5CMonocyte_with_RBC%5Ctile_x017_y021_cell_0188_slide1_1.png",1.153,"2026-03-17T04:33:11.466926Z"
16829,"1","Clustered","2026-03-17T04:33:13.265566Z",504819,"/data/local-files/?d=Users%5CKyle%5CMonocyte_with_RBC%5Ctile_x017_y021_cell_0189_slide1_1.png",0.813,"2026-03-17T04:33:13.265566Z"
16830,"1","Clustered","2026-03-17T04:33:19.006548Z",504826,"/data/local-files/?d=Users%5CKyle%5CMonocyte_with_RBC%5Ctile_x018_y002_cell_0016_slide1_1.png",1.378,"2026-03-17T04:33:19.006548Z"
16831,"1","Clustered","2026-03-17T04:33:21.077364Z",504827,"/data/local-files/?d=Users%5CKyle%5CMonocyte_with_RBC%5Ctile_x018_y002_cell_0025_slide1_5.png",1.079,"2026-03-17T04:33:21.077364Z"
16832,"1","Clustered","2026-03-17T04:33:24.164712Z",504831,"/data/local-files/?d=Users%5CKyle%5CMonocyte_with_RBC%5Ctile_x018_y002_cell_0059_slide1_1.png",1.209,"2026-03-17T04:33:24.164712Z"
16833,"1","Clustered","2026-03-17T04:33:27.153566Z",504835,"/data/local-files/?d=Users%5CKyle%5CMonocyte_with_RBC%5Ctile_x018_y002_cell_0076_slide1_1.png",1.272,"2026-03-17T04:33:27.153566Z"
16834,"1","Clustered","2026-03-17T04:33:30.607296Z",504836,"/data/local-files/?d=Users%5CKyle%5CMonocyte_with_RBC%5Ctile_x018_y002_cell_0115_slide1_1.png",1.049,"2026-03-17T04:33:30.607296Z"
16835,"1","Clustered","2026-03-17T04:33:39.610780Z",504861,"/data/local-files/?d=Users%5CKyle%5CMonocyte_with_RBC%5Ctile_x018_y004_cell_0064_slide1_1.png",1.182,"2026-03-17T04:33:39.610780Z"
16836,"1","Clustered","2026-03-17T04:33:42.184439Z",504862,"/data/local-files/?d=Users%5CKyle%5CMonocyte_with_RBC%5Ctile_x018_y004_cell_0066_slide1_1.png",0.758,"2026-03-17T04:33:42.184439Z"
16837,"1","Clustered","2026-03-17T04:33:44.839573Z",504863,"/data/local-files/?d=Users%5CKyle%5CMonocyte_with_RBC%5Ctile_x018_y004_cell_0066_slide1_5.png",1.376,"2026-03-17T04:33:44.839573Z"
16838,"1","Clustered","2026-03-17T04:34:02.539737Z",504902,"/data/local-files/?d=Users%5CKyle%5CMonocyte_with_RBC%5Ctile_x018_y007_cell_0023_slide1_5.png",1.713,"2026-03-17T04:34:02.539737Z"
16839,"1","Clustered","2026-03-17T04:34:04.269821Z",504903,"/data/local-files/?d=Users%5CKyle%5CMonocyte_with_RBC%5Ctile_x018_y007_cell_0025_slide1_5.png",0.726,"2026-03-17T04:34:04.269821Z"
16840,"1","Clustered","2026-03-17T04:34:08.414407Z",504907,"/data/local-files/?d=Users%5CKyle%5CMonocyte_with_RBC%5Ctile_x018_y007_cell_0053_slide1_5.png",2.179,"2026-03-17T04:34:08.414407Z"
16841,"1","Clustered","2026-03-17T04:34:10.908136Z",504910,"/data/local-files/?d=Users%5CKyle%5CMonocyte_with_RBC%5Ctile_x018_y007_cell_0055_slide1_1.png",1.077,"2026-03-17T04:34:10.908136Z"
16842,"1","Clustered","2026-03-17T04:34:14.717961Z",504911,"/data/local-files/?d=Users%5CKyle%5CMonocyte_with_RBC%5Ctile_x018_y007_cell_0055_slide1_5.png",0.641,"2026-03-17T04:34:14.717961Z"
16843,"1","Clustered","2026-03-17T04:34:17.285906Z",504912,"/data/local-files/?d=Users%5CKyle%5CMonocyte_with_RBC%5Ctile_x018_y007_cell_0059_slide1_1.png",0.735,"2026-03-17T04:34:17.285906Z"
16844,"1","Clustered","2026-03-17T04:34:22.853242Z",504919,"/data/local-files/?d=Users%5CKyle%5CMonocyte_with_RBC%5Ctile_x018_y008_cell_0029_slide1_5.png",1.576,"2026-03-17T04:34:22.853242Z"
16845,"1","Clustered","2026-03-17T04:34:24.982156Z",504920,"/data/local-files/?d=Users%5CKyle%5CMonocyte_with_RBC%5Ctile_x018_y008_cell_0039_slide1_5.png",0.957,"2026-03-17T04:34:24.982156Z"
16846,"1","Clustered","2026-03-17T04:34:32.455084Z",504934,"/data/local-files/?d=Users%5CKyle%5CMonocyte_with_RBC%5Ctile_x018_y009_cell_0026_slide1_1.png",1.016,"2026-03-17T04:34:32.455084Z"
16847,"1","Clustered","2026-03-17T04:34:36.033124Z",504938,"/data/local-files/?d=Users%5CKyle%5CMonocyte_with_RBC%5Ctile_x018_y009_cell_0036_slide1_1.png",0.53,"2026-03-17T04:34:36.033124Z"
16848,"1","Clustered","2026-03-17T04:34:37.886435Z",504939,"/data/local-files/?d=Users%5CKyle%5CMonocyte_with_RBC%5Ctile_x018_y009_cell_0037_slide1_1.png",0.784,"2026-03-17T04:34:37.886435Z"
16849,"1","Clustered","2026-03-17T04:34:40.747151Z",504942,"/data/local-files/?d=Users%5CKyle%5CMonocyte_with_RBC%5Ctile_x018_y009_cell_0042_slide1_1.png",1.0,"2026-03-17T04:34:40.747151Z"
16851,"1","Clustered","2026-03-17T04:34:44.686203Z",504943,"/data/local-files/?d=Users%5CKyle%5CMonocyte_with_RBC%5Ctile_x018_y009_cell_0043_slide1_3.png",0.653,"2026-03-17T04:34:44.686203Z"
16850,"1","Clustered","2026-03-17T04:34:42.998202Z",504952,"/data/local-files/?d=Users%5CKyle%5CMonocyte_with_RBC%5Ctile_x018_y010_cell_0009_slide1_1.png",0.848,"2026-03-17T04:34:42.999203Z"
16852,"1","Clustered","2026-03-17T04:34:47.997060Z",504954,"/data/local-files/?d=Users%5CKyle%5CMonocyte_with_RBC%5Ctile_x018_y010_cell_0013_slide1_1.png",0.715,"2026-03-17T04:34:47.997060Z"
16853,"1","Clustered","2026-03-17T04:34:53.941493Z",504959,"/data/local-files/?d=Users%5CKyle%5CMonocyte_with_RBC%5Ctile_x018_y010_cell_0019_slide1_1.png",1.537,"2026-03-17T04:34:53.941493Z"
16854,"1","Clustered","2026-03-17T04:34:55.796940Z",504960,"/data/local-files/?d=Users%5CKyle%5CMonocyte_with_RBC%5Ctile_x018_y010_cell_0020_slide1_1.png",0.9,"2026-03-17T04:34:55.796940Z"
16855,"1","Clustered","2026-03-17T04:35:00.983390Z",504966,"/data/local-files/?d=Users%5CKyle%5CMonocyte_with_RBC%5Ctile_x018_y010_cell_0089_slide1_3.png",0.834,"2026-03-17T04:35:00.983390Z"
16856,"1","Clustered","2026-03-17T04:35:08.617656Z",504971,"/data/local-files/?d=Users%5CKyle%5CMonocyte_with_RBC%5Ctile_x018_y011_cell_0007_slide1_1.png",3.418,"2026-03-17T04:35:08.617656Z"
16857,"1","Clustered","2026-03-17T04:35:17.491137Z",504993,"/data/local-files/?d=Users%5CKyle%5CMonocyte_with_RBC%5Ctile_x018_y012_cell_0018_slide1_1.png",1.518,"2026-03-17T04:35:17.491137Z"
16858,"1","Clustered","2026-03-17T04:35:19.560232Z",504994,"/data/local-files/?d=Users%5CKyle%5CMonocyte_with_RBC%5Ctile_x018_y012_cell_0019_slide1_1.png",0.907,"2026-03-17T04:35:19.560232Z"
16860,"1","Clustered","2026-03-17T04:35:31.590827Z",505001,"/data/local-files/?d=Users%5CKyle%5CMonocyte_with_RBC%5Ctile_x018_y013_cell_0017_slide1_1.png",1.571,"2026-03-17T04:35:31.590827Z"
16859,"1","Clustered","2026-03-17T04:35:28.769042Z",505002,"/data/local-files/?d=Users%5CKyle%5CMonocyte_with_RBC%5Ctile_x018_y013_cell_0018_slide1_1.png",2.028,"2026-03-17T04:35:28.769042Z"
16861,"1","Clustered","2026-03-17T04:35:34.843504Z",505004,"/data/local-files/?d=Users%5CKyle%5CMonocyte_with_RBC%5Ctile_x018_y013_cell_0027_slide1_5.png",1.7,"2026-03-17T04:35:34.843504Z"
16862,"1","Clustered","2026-03-17T04:35:46.128327Z",505010,"/data/local-files/?d=Users%5CKyle%5CMonocyte_with_RBC%5Ctile_x018_y013_cell_0051_slide1_5.png",1.491,"2026-03-17T04:35:46.128327Z"
16863,"1","Clustered","2026-03-17T04:35:48.305753Z",505011,"/data/local-files/?d=Users%5CKyle%5CMonocyte_with_RBC%5Ctile_x018_y013_cell_0060_slide1_5.png",1.144,"2026-03-17T04:35:48.305753Z"
